episode_id,gap_id,gap_position,candidate_id,candidate_text,candidate_sender,candidate_timestamp,feature_sender_pattern_fit,feature_timestamp_gap_fit,feature_thread_position_fit,feature_embedding_similarity,bm25_before,bm25_after,bm25_combined,bge_before,bge_after,bge_combined
C001,C001-G01,3,C001-G01-C1,The signage for the queue system contradicts what the staff say.,Isolda_Nwamaka,2026-03-18 07:41:00,0.132,0.174,0.096,0.113,0.0,0.49453556043591484,1.8915991288784821,0.3690006136894226,0.4855414032936096,0.5003286600112915
C001,C001-G01,3,C001-G01-C2,The gate intercom crackles so badly nobody can hear the caller.,Silas_Obiefune,2026-03-18 08:01:00,0.882,0.227,0.166,0.185,0.0,0.3296903736239432,0.860565426289886,0.42842763662338257,0.35990017652511597,0.42638325691223145
C001,C001-G01,3,C001-G01-C3,"That's a repaint in dry weather, which gives us about three days a month here.",Ludmila_Vry,2026-03-18 07:54:00,0.077,0.804,0.873,0.888,0.0,0.5056541607582361,1.1280394035431482,0.4431113600730896,0.5681828260421753,0.5499610304832458
C001,C001-G01,3,C001-G01-C4,"The tea fund is in deficit, which is a sentence I never wanted to write.",Hadrian_Vosloo,2026-03-18 07:48:00,0.044,0.189,0.13,0.172,0.0,0.6983816044606994,1.4250891162696093,0.349672794342041,0.4429931640625,0.4385526478290558
C002,C002-G01,3,C002-G01-C1,The temperature probe reads three degrees out against the calibrated one.,Xenophon_Ifeanyi,2026-05-08 12:31:00,0.091,0.145,0.143,0.209,0.0,0.7214387283381439,1.719476268318666,0.3363381624221802,0.39502209424972534,0.35527127981185913
C002,C002-G01,3,C002-G01-C2,The door entry system lets anyone in who pulls hard enough.,Millicent_Abara,2026-05-08 10:58:00,0.056,0.131,0.142,0.203,0.0,0.6045808428513288,0.6932240047204645,0.32407569885253906,0.359807550907135,0.32400810718536377
C002,C002-G01,3,C002-G01-C3,Two of the ceiling tiles are stained from a leak nobody reported.,Melisande_Ofoegbu,2026-05-08 12:14:00,0.044,0.211,0.125,0.117,0.0,0.17978136228740782,2.433495978051046,0.3470873236656189,0.45902732014656067,0.403933048248291
C002,C002-G01,3,C002-G01-C4,Twenty-five minutes is the floor. Below that the story stops making sense.,Pim_Dalgetty,2026-05-08 10:45:00,0.9,0.828,0.853,0.825,0.0,0.7214387283381439,1.719476268318666,0.4187149703502655,0.5057944059371948,0.4669901132583618
C003,C003-G01,11,C003-G01-C1,We should photograph the meter reading rather than writing it down.,Barnaby_Ofori,2026-11-04 08:27:00,0.054,0.134,0.137,0.146,0.16996406089975474,0.0,1.374129661943106,0.49029648303985596,0.4723823368549347,0.5083610415458679
C003,C003-G01,11,C003-G01-C2,Sacks mean bruising and heat. We should refuse them rather than discount them.,Ignatz_Bell,2026-11-04 08:28:00,0.894,0.8,0.818,0.792,0.5232176200298556,0.0,1.683815971624189,0.45744383335113525,0.5791271924972534,0.555316150188446
C003,C003-G01,11,C003-G01-C3,The signage for the queue system contradicts what the staff say.,Isolda_Nwamaka,2026-11-04 08:27:00,0.094,0.167,0.09,0.218,0.2735001195610608,0.0,0.7638459752645343,0.4252130091190338,0.5153937935829163,0.49070224165916443
C003,C003-G01,11,C003-G01-C4,Two of the ceiling tiles are stained from a leak nobody reported.,Melisande_Ofoegbu,2026-11-04 08:24:00,0.05,0.25,0.122,0.187,1.1376019465800649,0.0,2.58884928715437,0.38039693236351013,0.4733023941516876,0.44389259815216064
C004,C004-G01,6,C004-G01-C1,The card machine and the till are on the same overloaded socket.,Kunigunde_Nwabueze,2026-02-12 12:32:00,0.03,0.154,0.115,0.226,1.5421850996357553,1.046207872764374,1.3458708202146128,0.5568156242370605,0.48808592557907104,0.5610450506210327
C004,C004-G01,6,C004-G01-C2,The stock room door sticks in wet weather and has to be shouldered.,Jonas_Okafor,2026-02-12 12:35:00,0.113,0.186,0.088,0.169,0.5749413149900924,1.0859509763976305,2.0274302014397474,0.4967395067214966,0.47475314140319824,0.5063014030456543
C004,C004-G01,6,C004-G01-C3,"The lift goes halfway and stops, so it's the hydraulics rather than a switch.",Tobit_Anand,2026-02-12 12:38:00,0.914,0.888,0.185,0.844,2.9717139873070453,1.3257282323914348,6.695887275993428,0.6232001781463623,0.4981316030025482,0.5882152915000916
C004,C004-G01,6,C004-G01-C4,The window above the door has been broken since the wind in March.,Benedict_Uzoma,2026-02-12 12:28:00,0.02,0.182,0.078,0.181,1.9344875692913257,1.6289264645964456,3.4233540686871353,0.448673814535141,0.3730539083480835,0.42985081672668457
C004,C004-G01,6,C004-G01-C5,Twelve is nothing. Can we shift some of the children's stock to make shelf room?,Tobit_Anand,2026-02-12 12:27:00,0.836,0.823,0.817,0.772,1.0585632073129239,2.078031093336008,4.195198778763145,0.583886981010437,0.5558794140815735,0.6257845163345337
C005,C005-G01,9,C005-G01-C1,Then sign off the six that are settled and hold the nut-free one for a later wave.,Marguerite_Sill,2026-09-05 13:29:00,0.854,0.856,0.763,0.186,3.064953742595944,1.2710116231144317,6.122249600836516,0.5164713859558105,0.4773453176021576,0.491647332906723
C005,C005-G01,9,C005-G01-C2,Sign off the settled flavours and let the nut-free one catch up in a later wave.,Marguerite_Sill,2026-09-05 10:50:00,0.83,0.254,0.74,0.844,3.064953742595944,1.0486156499595116,6.122249600836516,0.5997941493988037,0.5758149027824402,0.5904866456985474
C005,C005-G01,9,C005-G01-C3,The drain by the bins backs up whenever it rains hard.,Fitzwilliam_Nde,2026-09-05 12:07:00,0.076,0.224,0.097,0.858,0.8274116299370776,0.8473410820762879,1.133652008816205,0.4398009181022644,0.41695576906204224,0.4233296811580658
C005,C005-G01,9,C005-G01-C4,The signage for the disabled parking bay has faded away entirely.,Florian_Adaora,2026-09-05 10:28:00,0.122,0.177,0.086,0.135,0.8274116299370776,0.8473410820762879,1.133652008816205,0.36073994636535645,0.3104819059371948,0.31217336654663086
C005,C005-G01,9,C005-G01-C5,We've run out of the small envelopes entirely.,Peregrine_Nwoso,2026-09-05 10:28:00,0.145,0.165,0.131,0.184,0.6466556108227366,1.4836007558061697,1.8939976316211302,0.5057991743087769,0.5032393932342529,0.4942134618759155
C006,C006-G01,11,C006-G01-C1,Our insurance certificate expires next month and it's not on anyone's list.,Rufus_Callander,2026-06-21 06:47:00,0.036,0.178,0.064,0.157,0.8340010183934543,0.0,2.4199552937227855,0.3797115087509155,0.4202007055282593,0.3975101709365845
C006,C006-G01,11,C006-G01-C2,The staff microwave has a door that doesn't latch properly.,Petra_Nwaeze,2026-06-20 23:08:00,0.065,0.195,0.062,0.186,0.41700050919672715,0.0,1.5113692848131248,0.4489932060241699,0.48847466707229614,0.43319904804229736
C006,C006-G01,11,C006-G01-C3,The stock room door sticks in wet weather and has to be shouldered.,Jonas_Okafor,2026-06-21 08:29:00,0.11,0.831,0.17,0.223,0.8340010183934543,0.0,1.2504480547109142,0.4470880329608917,0.5501276254653931,0.47314453125
C006,C006-G01,11,C006-G01-C4,"Tired, plainly. Four seasons of arrive-and-drive will do that to any engine.",Ilinca_Fen,2026-06-21 08:26:00,0.207,0.942,0.868,0.898,0.5887481765438537,0.0,1.321638843510508,0.6162683963775635,0.5120071172714233,0.5933863520622253
C006,C006-G01,11,C006-G01-C5,Tired. They've done four seasons of arrive-and-drive.,Denholm_Raye,2026-06-21 09:05:00,0.838,0.181,0.729,0.801,0.8340010183934543,0.0,1.321638843510508,0.5184998512268066,0.4794849455356598,0.4949232339859009
C007,C007-G01,12,C007-G01-C1,The spare parts bin is a heap rather than anything sorted.,Norbert_Chiemeka,2026-04-28 07:58:00,0.168,0.15,0.076,0.218,0.6520590760685205,0.2727272727272727,1.0540534954267073,0.40530693531036377,0.3928520679473877,0.4255371689796448
C007,C007-G01,12,C007-G01-C2,The stock room door sticks in wet weather and has to be shouldered.,Jonas_Okafor,2026-04-28 08:25:00,0.075,0.21,0.073,0.143,0.2492059515090963,0.15384615384615385,1.0540534954267073,0.4621502459049225,0.4421859383583069,0.47928547859191895
C007,C007-G01,12,C007-G01-C3,The staff microwave has a door that doesn't latch properly.,Petra_Nwaeze,2026-04-28 09:46:00,0.112,0.172,0.165,0.228,0.6520590760685205,0.18181818181818182,0.29610596318155397,0.42244189977645874,0.36931052803993225,0.4295364022254944
C007,C007-G01,12,C007-G01-C4,The drain by the bins backs up whenever it rains hard.,Fitzwilliam_Nde,2026-04-28 08:25:00,0.093,0.231,0.091,0.144,0.6282823414565759,0.2,0.5922119263631079,0.36947357654571533,0.36971697211265564,0.37770727276802063
C007,C007-G01,12,C007-G01-C5,Score the gauge length lightly. It's accepted practice and it stops the drift.,Bronwen_Achterberg,2026-04-28 09:42:00,0.814,0.883,0.829,0.772,1.16594379579645,0.16666666666666666,0.5922119263631079,0.5686817765235901,0.6018933057785034,0.6245410442352295
C008,C008-G01,3,C008-G01-C1,The delivery schedule assumes we open at seven and we open at eight.,Leander_Nneka,2026-10-15 12:00:00,0.136,0.194,0.148,0.127,0.0,0.17170609202218173,0.34380440962715875,0.5077906847000122,0.49034684896469116,0.5052614212036133
C008,C008-G01,3,C008-G01-C2,Two is right for anything over ninety minutes. I can do one half.,Ferdinand_Oduya,2026-10-15 11:59:00,0.852,0.833,0.743,0.716,0.0,1.2019426441552723,1.7077781299028412,0.4901624619960785,0.5120819807052612,0.5434618592262268
C008,C008-G01,3,C008-G01-C3,"I'll pair you with whoever takes the second half, and they should meet beforehand.",Coord_Sunniva,2026-10-15 13:50:00,0.532,0.358,0.821,0.51,0.0,0.9929091408239206,2.153984638920572,0.45009568333625793,0.5160313248634338,0.5078322887420654
C008,C008-G01,3,C008-G01-C4,Theirs. Two other agencies have reported the same window.,Ferdinand_Oduya,2026-10-15 12:58:00,0.562,0.913,0.489,0.552,0.0,0.17170609202218173,1.2634201416297146,0.4924364387989044,0.518160879611969,0.5380405783653259
C008,C008-G01,3,C008-G01-C5,Our insurance certificate expires next month and it's not on anyone's list.,Rufus_Callander,2026-10-15 11:56:00,0.132,0.244,0.131,0.153,0.0,0.0,4.153290359598952,0.4813728630542755,0.43837594985961914,0.4663742482662201
C008,C008-G02,8,C008-G02-C1,Two is right for anything over ninety minutes. I can do one half.,Ferdinand_Oduya,2026-10-15 19:33:00,0.728,0.274,0.391,0.662,0.9847240940067291,1.48475267807416,2.980042031015419,0.49630868434906006,0.5865846872329712,0.5799569487571716
C008,C008-G02,8,C008-G02-C2,The spare parts bin is a heap rather than anything sorted.,Norbert_Chiemeka,2026-10-15 19:31:00,0.094,0.218,0.047,0.189,0.7297508910942725,0.7133724421669696,1.7686574653082083,0.4207350015640259,0.47309958934783936,0.4634108543395996
C008,C008-G02,8,C008-G02-C3,The delivery schedule assumes we open at seven and we open at eight.,Leander_Nneka,2026-10-15 20:17:00,0.067,0.159,0.098,0.145,1.0614558415916688,0.1143482157594594,2.791847734494776,0.43568751215934753,0.543297290802002,0.5186809301376343
C008,C008-G02,8,C008-G02-C4,Theirs. Two other agencies have reported the same window.,Ferdinand_Oduya,2026-10-15 20:10:00,0.791,0.825,0.8,0.734,0.7297508910942725,0.1143482157594594,0.0,0.6021416783332825,0.5567977428436279,0.6018874645233154
C008,C008-G02,8,C008-G02-C5,"I'll pair you with whoever takes the second half, and they should meet beforehand.",Coord_Sunniva,2026-10-15 19:56:00,0.565,0.92,0.399,0.584,1.4770861410100937,2.083335401892346,3.5297705665353867,0.41414278745651245,0.5205211639404297,0.5093806982040405
C008,C008-G03,12,C008-G03-C1,The stock room door sticks in wet weather and has to be shouldered.,Jonas_Okafor,2026-10-16 05:01:00,0.498,0.228,0.055,0.176,0.0,0.0,0.0,0.47101449966430664,0.0,0.47101449966430664
C008,C008-G03,12,C008-G03-C2,The invoice template still has last year's VAT number on it.,Halvard_Pym,2026-10-16 04:31:00,0.898,0.158,0.176,0.152,0.0,0.0,0.0,0.4747961163520813,0.0,0.4747961163520813
C008,C008-G03,12,C008-G03-C3,Two is right for anything over ninety minutes. I can do one half.,Ferdinand_Oduya,2026-10-16 10:29:00,0.637,0.363,0.894,0.57,0.0,0.0,0.0,0.6345047950744629,0.0,0.6345047950744629
C008,C008-G03,12,C008-G03-C4,Theirs. Two other agencies have reported the same window.,Ferdinand_Oduya,2026-10-16 04:31:00,0.079,0.306,0.423,0.557,0.0,0.0,0.0,0.5503721833229065,0.0,0.5503721833229065
C008,C008-G03,12,C008-G03-C5,"I'll pair you with whoever takes the second half, and they should meet beforehand.",Coord_Sunniva,2026-10-16 08:49:00,0.082,0.772,0.745,0.757,0.0,0.0,0.0,0.5835793614387512,0.0,0.5835793614387512
C009,C009-G01,11,C009-G01-C1,"A new ash stay then, and we ring on the other five until it's fitted.",Philippa_Onwudiwe,2026-01-22 09:33:00,0.875,0.881,0.11,0.845,1.208894912785675,0.0,1.9752811458557566,0.5539662837982178,0.5076687335968018,0.5249159932136536
C009,C009-G01,11,C009-G01-C2,Two are away until spring and one has moved. That's most of the gap.,Philippa_Onwudiwe,2026-01-22 10:04:00,0.766,0.799,0.76,0.831,0.6600739946899825,0.0,1.3166772414985284,0.5222303867340088,0.5264071822166443,0.5393631458282471
C009,C009-G01,11,C009-G01-C3,The drain by the bins backs up whenever it rains hard.,Fitzwilliam_Nde,2026-01-22 09:43:00,0.083,0.12,0.112,0.199,1.0976418361913851,0.0,1.5720007167480214,0.3446258008480072,0.3993830680847168,0.38082951307296753
C009,C009-G01,11,C009-G01-C4,"The tea fund is in deficit, which is a sentence I never wanted to write.",Hadrian_Vosloo,2026-01-22 09:39:00,0.038,0.191,0.085,0.203,1.9110023335130588,0.0,3.319132857225993,0.43397843837738037,0.4265196919441223,0.4545974135398865
C010,C010-G01,2,C010-G01-C1,We've three different forms for the same request.,Terence_Falkner,2026-07-09 07:24:00,0.026,0.236,0.117,0.131,0.2222222222222222,0.6801250425308414,1.0572996919285855,0.4292335510253906,0.5080611705780029,0.5175139904022217
C010,C010-G01,2,C010-G01-C2,"And we run at reduced capacity until they've been, not after.",Henrike_Palu,2026-07-09 07:20:00,0.506,0.308,0.869,0.495,0.0,0.4976524701445182,0.8392623696143008,0.37290021777153015,0.5051645040512085,0.4723232388496399
C010,C010-G01,2,C010-G01-C3,Two in one lay is the point where it stops being monitoring and starts being action.,Anselmo_Drax,2026-07-09 07:21:00,0.819,0.834,0.834,0.751,0.26666666666666666,0.09123628619316164,2.674477334088934,0.5002719163894653,0.46513205766677856,0.4692123532295227
C010,C010-G01,2,C010-G01-C4,"Nine days is a complaint on every review site, and rightly.",Anselmo_Drax,2026-07-09 07:15:00,0.681,0.318,0.444,0.633,0.0,0.9953049402890364,1.6785247392286016,0.37864434719085693,0.5355331301689148,0.5070328116416931
C010,C010-G02,4,C010-G02-C1,We've three different forms for the same request.,Terence_Falkner,2026-07-09 07:49:00,0.18,0.869,0.101,0.179,0.7044935019258909,0.45263029953948547,1.2392280846436825,0.5040029287338257,0.5767687559127808,0.5530089139938354
C010,C010-G02,4,C010-G02-C2,"And we run at reduced capacity until they've been, not after.",Henrike_Palu,2026-07-09 08:09:00,0.792,0.226,0.814,0.841,0.5171148585319194,0.0,1.2392280846436825,0.44889378547668457,0.5018665790557861,0.4955559968948364
C010,C010-G02,4,C010-G02-C3,"Nine days is a complaint on every review site, and rightly.",Anselmo_Drax,2026-07-09 08:35:00,0.581,0.229,0.434,0.602,1.0342297170638388,0.45263029953948547,2.478456169287365,0.5123504400253296,0.4471376836299896,0.4909438490867615
C010,C010-G02,4,C010-G02-C4,Then he comes up on the first cabin before we open and we lose nothing.,Ops_Solveig,2026-07-09 07:52:00,0.722,0.79,0.418,0.588,0.12995615590227053,0.0,0.0,0.31656119227409363,0.35597026348114014,0.3545343279838562
C010,C010-G03,9,C010-G03-C1,Two in one lay is the point where it stops being monitoring and starts being action.,Anselmo_Drax,2026-07-09 17:40:00,0.08,0.319,0.468,0.624,0.8177562395721187,0.2,1.3547452180385071,0.5070290565490723,0.48719680309295654,0.5074065923690796
C010,C010-G03,9,C010-G03-C2,We should photograph the meter reading rather than writing it down.,Barnaby_Ofori,2026-07-09 16:41:00,0.032,0.169,0.137,0.177,0.19042208384728404,0.18181818181818182,0.37966389826360536,0.4552226960659027,0.4750864505767822,0.4781256914138794
C010,C010-G03,9,C010-G03-C3,Then he comes up on the first cabin before we open and we lose nothing.,Ops_Solveig,2026-07-09 15:17:00,0.503,0.3,0.928,0.638,0.591215464985822,0.21428571428571427,1.6557172303988212,0.35084226727485657,0.3763871192932129,0.36632847785949707
C010,C010-G03,9,C010-G03-C4,The rota goes up on Fridays and people need it by Wednesday.,Zachariah_Ibe,2026-07-09 15:22:00,0.827,0.154,0.109,0.204,0.6667290565145876,0.25,1.2029860181982355,0.5787903070449829,0.443695604801178,0.5602880120277405
C010,C010-G03,9,C010-G03-C5,"Nine days is a complaint on every review site, and rightly.",Anselmo_Drax,2026-07-09 11:58:00,0.71,0.867,0.803,0.782,0.5570562177540307,0.2727272727272727,2.0142588869182547,0.4834742248058319,0.3146906793117523,0.48093464970588684
C010,C010-G04,11,C010-G04-C1,"And we run at reduced capacity until they've been, not after.",Henrike_Palu,2026-07-09 19:59:00,0.753,0.348,0.398,0.559,0.0,0.0,0.0,0.5304501056671143,0.0,0.5304501056671143
C010,C010-G04,11,C010-G04-C2,The door entry system lets anyone in who pulls hard enough.,Millicent_Abara,2026-07-09 20:21:00,0.095,0.136,0.042,0.144,0.0,0.0,0.0,0.4546205401420593,0.0,0.4546205401420593
C010,C010-G04,11,C010-G04-C3,Then he comes up on the first cabin before we open and we lose nothing.,Ops_Solveig,2026-07-09 19:36:00,0.853,0.796,0.799,0.748,0.0,0.0,0.0,0.36442676186561584,0.0,0.36442676186561584
C010,C010-G04,11,C010-G04-C4,The window display has been the same since before Easter.,Dorian_Achuka,2026-07-09 20:02:00,0.108,0.123,0.064,0.174,0.0,0.0,0.0,0.36594584584236145,0.0,0.36594584584236145
C010,C010-G04,11,C010-G04-C5,Two in one lay is the point where it stops being monitoring and starts being action.,Anselmo_Drax,2026-07-09 19:52:00,0.563,0.298,0.448,0.867,0.0,0.0,0.0,0.495503306388855,0.0,0.495503306388855
C011,C011-G01,3,C011-G01-C1,The signage for the disabled parking bay has faded away entirely.,Florian_Adaora,2026-03-06 08:02:00,0.049,0.202,0.07,0.182,0.0,0.31924851219408434,1.7967293589283742,0.3830592930316925,0.4417460560798645,0.42232775688171387
C011,C011-G01,3,C011-G01-C2,"Moved, I suspect. There's no lock on that adjuster and there should be.",Miller_Aurelio,2026-03-06 08:16:00,0.819,0.247,0.791,0.766,0.0,0.5873335462362373,1.4546242540754106,0.6641467809677124,0.5867986083030701,0.6431381702423096
C011,C011-G01,3,C011-G01-C3,Also the dust extraction paperwork needs looking at before anyone audits us.,Miller_Aurelio,2026-03-06 08:10:00,0.896,0.856,0.247,0.834,0.0,1.518634741539893,3.363780117644545,0.5317749977111816,0.6209025382995605,0.6027161478996277
C011,C011-G01,3,C011-G01-C4,Two of the strip lights buzz loudly whenever the compressor runs.,Aurelia_Mbanefo,2026-03-06 07:59:00,0.062,0.95,0.048,0.127,0.0,0.7535784591847682,1.6756025591900259,0.5015636086463928,0.3851386308670044,0.445308655500412
C011,C011-G01,3,C011-G01-C5,The card machine and the till are on the same overloaded socket.,Kunigunde_Nwabueze,2026-03-06 08:15:00,0.03,0.238,0.085,0.228,0.0,0.4788727682911265,2.4993511170918006,0.5381524562835693,0.5303592681884766,0.5627517700195312
C012,C012-G01,3,C012-G01-C1,The window display has been the same since before Easter.,Dorian_Achuka,2026-08-13 08:01:00,0.124,0.152,0.128,0.134,0.0,0.3084959175619,1.9923501872999285,0.3905527889728546,0.4383648633956909,0.425818532705307
C012,C012-G01,3,C012-G01-C2,"Bearings, I think. There's play when I lever against the top guide.",Sawyer_Ignace,2026-08-13 07:35:00,0.819,0.855,0.828,0.876,0.0,0.6114678731178796,2.8399999137922465,0.6720957159996033,0.46807610988616943,0.6229979991912842
C012,C012-G01,3,C012-G01-C3,The drain by the bins backs up whenever it rains hard.,Fitzwilliam_Nde,2026-08-13 07:50:00,0.034,0.195,0.099,0.216,0.0,0.808190709302841,1.7271968298112657,0.36438751220703125,0.4449549615383148,0.4148114323616028
C012,C012-G01,3,C012-G01-C4,The staff rota is being changed after publication without telling people.,Dulcinea_Chukwuma,2026-08-13 08:57:00,0.045,0.139,0.127,0.187,0.0,0.8758988854171589,0.8407903041194291,0.4389442801475525,0.5243041515350342,0.5120525360107422
C013,C013-G01,4,C013-G01-C1,We've three different forms for the same request.,Terence_Falkner,2026-05-30 10:33:00,0.166,0.234,0.125,0.162,0.14656652187687325,0.5144906185083797,1.444149961197963,0.4029083847999573,0.4928326904773712,0.5122255682945251
C013,C013-G01,4,C013-G01-C2,Fix it today rather than tonight. Foxes don't wait for the maintenance list.,Boniface_Mwangi,2026-05-30 11:13:00,0.83,0.794,0.772,0.794,0.6359088250171914,0.7199064661937956,1.9724080333719847,0.5768517255783081,0.5657987594604492,0.6393958330154419
C013,C013-G01,4,C013-G01-C3,The delivery driver has nowhere to wait out of the rain.,Valerian_Okafor,2026-05-30 11:28:00,0.038,0.17,0.145,0.183,0.7824753468940646,0.23120517190613435,1.9634063130306556,0.37861740589141846,0.3584722578525543,0.3699760437011719
C013,C013-G01,4,C013-G01-C4,Then the owl does three sessions a week and the kestrel covers the rest.,Falconer_Yseult,2026-05-30 11:11:00,0.749,0.327,0.395,0.613,1.0972199585483673,1.543471855525139,3.6884420558982356,0.5184649229049683,0.5745717287063599,0.6117936372756958
C013,C013-G01,4,C013-G01-C5,Then bring her down slowly and stop flying her in public displays until she's responding.,Cosima_Ravel,2026-05-30 10:27:00,0.714,0.264,0.448,0.62,0.9786846062806364,0.9463643294862318,1.708072961926395,0.503119945526123,0.5351594686508179,0.5337939262390137
C013,C013-G02,6,C013-G02-C1,"It really isn't. Three a week, and we explain why if anyone asks.",Cosima_Ravel,2026-05-30 11:44:00,0.688,0.189,0.464,0.522,0.5592196302280319,0.4949175593580533,1.5692938351839743,0.4473450183868408,0.4292261004447937,0.44877099990844727
C013,C013-G02,6,C013-G02-C2,We're out of the blue folders and everything is going into green ones.,Bronwen_Adeoye,2026-05-30 12:08:00,0.059,0.94,0.092,0.238,0.5021348286546601,0.5814960201242095,1.4319488317805142,0.4880894422531128,0.3814662992954254,0.44522735476493835
C013,C013-G02,6,C013-G02-C3,Then bring her down slowly and stop flying her in public displays until she's responding.,Cosima_Ravel,2026-05-30 12:18:00,0.863,0.202,0.797,0.811,0.5021348286546601,1.076413579482263,1.6472495010808963,0.5286808013916016,0.4256594181060791,0.4975842833518982
C013,C013-G02,6,C013-G02-C4,We've three different forms for the same request.,Terence_Falkner,2026-05-30 12:35:00,0.059,0.813,0.086,0.159,0.11650408963083994,0.17315692153231238,0.7607480908033488,0.5122228264808655,0.4613989293575287,0.5018371939659119
C013,C013-G02,6,C013-G02-C5,Then the owl does three sessions a week and the kestrel covers the rest.,Falconer_Yseult,2026-05-30 12:05:00,0.555,0.336,0.419,0.536,0.34951226889251985,1.3361489617807314,3.524394457455326,0.455461710691452,0.6006649732589722,0.5589137673377991
C013,C013-G03,9,C013-G03-C1,"It really isn't. Three a week, and we explain why if anyone asks.",Cosima_Ravel,2026-05-30 19:01:00,0.042,0.363,0.857,0.516,0.4949175593580533,0.07142857142857142,0.8276945679874997,0.4292261004447937,0.4303610920906067,0.4598434567451477
C013,C013-G03,9,C013-G03-C2,Fix it today rather than tonight. Foxes don't wait for the maintenance list.,Boniface_Mwangi,2026-05-30 18:58:00,0.168,0.335,0.487,0.51,0.17315692153231238,0.14285714285714285,0.9896348095502715,0.5141246318817139,0.5893609523773193,0.6176965832710266
C013,C013-G03,9,C013-G03-C3,Then the owl does three sessions a week and the kestrel covers the rest.,Falconer_Yseult,2026-05-30 18:58:00,0.513,0.862,0.818,0.828,1.3361489617807314,0.08333333333333333,2.1412098606633148,0.6006649732589722,0.47435033321380615,0.5784894227981567
C013,C013-G03,9,C013-G03-C4,We've run out of the small envelopes entirely.,Peregrine_Nwoso,2026-05-30 18:56:00,0.746,0.242,0.175,0.229,0.1338030757295141,0.1111111111111111,0.8276945679874997,0.3970973491668701,0.4421563744544983,0.43854546546936035
C013,C013-G03,9,C013-G03-C5,The spare parts bin is a heap rather than anything sorted.,Norbert_Chiemeka,2026-05-30 18:54:00,0.847,0.172,0.166,0.163,0.5814960201242095,0.18181818181818182,0.8276945679874997,0.39589422941207886,0.3832605183124542,0.4072082042694092
C013,C013-G04,11,C013-G04-C1,The delivery schedule assumes we open at seven and we open at eight.,Leander_Nneka,2026-05-31 01:55:00,0.161,0.108,0.151,0.219,0.0,0.0,0.0,0.4621082842350006,0.0,0.4621082842350006
C013,C013-G04,11,C013-G04-C2,"It really isn't. Three a week, and we explain why if anyone asks.",Cosima_Ravel,2026-05-30 19:17:00,0.828,0.852,0.836,0.81,0.0,0.0,0.0,0.44861239194869995,0.0,0.44861239194869995
C013,C013-G04,11,C013-G04-C3,Then bring her down slowly and stop flying her in public displays until she's responding.,Cosima_Ravel,2026-05-30 23:15:00,0.699,0.328,0.429,0.547,0.0,0.0,0.0,0.5071030855178833,0.0,0.5071030855178833
C013,C013-G04,11,C013-G04-C4,Somebody has changed the alarm code without telling the weekend staff.,Elspeth_Ruan,2026-05-31 03:54:00,0.097,0.156,0.048,0.164,0.0,0.0,0.0,0.4978075325489044,0.0,0.4978075325489044
C013,C013-G04,11,C013-G04-C5,Fix it today rather than tonight. Foxes don't wait for the maintenance list.,Boniface_Mwangi,2026-05-31 04:18:00,0.714,0.298,0.449,0.623,0.0,0.0,0.0,0.6487157344818115,0.0,0.6487157344818115
C014,C014-G01,5,C014-G01-C1,The window above the door has been broken since the wind in March.,Benedict_Uzoma,2026-06-27 09:00:00,0.066,0.84,0.118,0.222,0.8630097494680091,0.1781949850346479,2.2894504305336314,0.391487717628479,0.3929932117462158,0.3543367385864258
C014,C014-G01,5,C014-G01-C2,"Eight usable boards, and two more are close to going the same way.",Tiernan_Ubadike,2026-06-27 08:25:00,0.857,0.16,0.182,0.846,1.5767202748546696,0.6009713220776361,3.4176978660148203,0.6501502990722656,0.5541378855705261,0.6235665678977966
C014,C014-G01,5,C014-G01-C3,Nobody has signed the cleaning rota for a fortnight.,Wilhelmina_Crace,2026-06-27 08:20:00,0.121,0.217,0.072,0.209,1.0353544684377756,0.05939832834488263,2.667149820795257,0.3131846487522125,0.411079078912735,0.34193819761276245
C014,C014-G01,5,C014-G01-C4,Somebody has laminated the wrong version of the procedure.,Beatrice_Ojukwu,2026-06-27 08:33:00,0.139,0.874,0.182,0.21,0.7578445210136585,0.11879665668976526,2.0101299745072025,0.5110946893692017,0.4857015609741211,0.45121026039123535
C014,C014-G01,5,C014-G01-C5,"Eight, which is the same number as the safe group size — so the equipment and the group size are one conversation, not two. We physically cannot run fourteen.",Tiernan_Ubadike,2026-06-27 08:34:00,0.839,0.162,0.836,0.757,1.9948082477664535,1.2019426441552723,4.579296179220226,0.5281938314437866,0.643478512763977,0.5734173655509949
C015,C015-G01,6,C015-G01-C1,Somebody keeps unplugging the water cooler to charge a phone.,Delphine_Oyo,2026-02-25 17:28:00,0.125,0.198,0.962,0.252,0.6027267010039183,0.5969530423925995,1.5907600198974503,0.3860882520675659,0.3945002555847168,0.3984350562095642
C015,C015-G01,6,C015-G01-C2,"Three millimetre hide is not what we approved, so it goes back to them.",Wilhelmina_Tice,2026-02-25 18:04:00,0.314,0.341,0.193,0.416,1.642552245627479,0.9847240940067291,4.341072986905515,0.6662774085998535,0.4018646478652954,0.6234197616577148
C015,C015-G01,6,C015-G01-C3,Butt strap joined at the buckle is standard and nobody would call it a compromise.,Wilhelmina_Tice,2026-02-25 17:59:00,0.909,0.808,0.778,0.851,1.2054534020078367,0.1509748281270695,2.884561358332217,0.5021442174911499,0.32584819197654724,0.47301873564720154
C015,C015-G01,6,C015-G01-C4,A join at the buckle reads as a design choice rather than a compromise.,Odalys_Brennt,2026-02-25 15:21:00,0.98,0.959,0.328,0.396,0.7976203648015925,1.089315089395964,2.88249390986556,0.5507952570915222,0.4563062787055969,0.5495865345001221
C015,C015-G01,6,C015-G01-C5,The shutters are being left half down overnight.,Venetia_Chukwunonso,2026-02-25 17:41:00,0.133,0.326,0.18,0.904,0.5052798691050813,0.6695554394403481,1.7765589551702603,0.40134677290916443,0.4737676978111267,0.44979327917099
C016,C016-G01,7,C016-G01-C1,The window above the door has been broken since the wind in March.,Benedict_Uzoma,2026-10-09 00:56:00,0.081,0.157,0.044,0.148,1.0050516569615522,0.5045191345836944,2.4856225483492196,0.4121103286743164,0.5044791102409363,0.5012143850326538
C016,C016-G01,7,C016-G01-C2,"We've had four complaints about the hold music, which is fair enough.",Perpetua_Snell,2026-10-09 04:42:00,0.118,0.201,0.129,0.807,0.7748893053667979,0.6160201670670316,2.137990138550887,0.4416624903678894,0.43279415369033813,0.4462510049343109
C016,C016-G01,7,C016-G01-C3,"Writing a second show is forty hours of work, realistically.",Alard_Munkhbat,2026-10-09 07:56:00,0.923,0.837,0.739,0.179,0.640313843870418,0.0,1.7972091895546474,0.4463079869747162,0.4122338891029358,0.43253278732299805
C016,C016-G01,7,C016-G01-C4,The window display has been the same since before Easter.,Dorian_Achuka,2026-10-09 06:04:00,0.082,0.123,0.158,0.223,0.8328341489632042,0.33634608972246294,2.033685462415497,0.4682166874408722,0.4754895567893982,0.5006721019744873
C017,C017-G01,9,C017-G01-C1,The window cleaner hasn't been since the contract lapsed.,Corvin_Nkechinyere,2026-07-16 14:42:00,0.08,0.191,0.097,0.15,0.34196422141054916,0.19324634523238088,0.8209456493575782,0.3746374547481537,0.3849183917045593,0.3936021029949188
C017,C017-G01,9,C017-G01-C2,Two of the strip lights buzz loudly whenever the compressor runs.,Aurelia_Mbanefo,2026-07-16 15:46:00,0.048,0.229,0.076,0.186,0.8423173380833874,0.6155911074756589,1.347725642763271,0.34363073110580444,0.40931811928749084,0.38103967905044556
C017,C017-G01,9,C017-G01-C3,Unload that bay today. Bent uprights fail without warning.,Emeric_Vaszary,2026-07-16 15:19:00,0.827,0.802,0.832,0.798,0.5003531166728382,0.0,1.2075412163914314,0.4754546880722046,0.45455628633499146,0.48587948083877563
C017,C017-G01,9,C017-G01-C4,The spare parts bin is a heap rather than anything sorted.,Norbert_Chiemeka,2026-07-16 16:11:00,0.121,0.133,0.155,0.213,1.1930705613087704,0.17574090365715633,2.877476559136424,0.46469298005104065,0.4516045153141022,0.4825611710548401
C017,C017-G01,9,C017-G01-C5,"Unload that bay before anything else goes on it, today rather than tomorrow.",Emeric_Vaszary,2026-07-16 17:06:00,0.889,0.165,0.843,0.917,1.0662864962105632,0.09662317261619044,2.5834677799362193,0.4933953881263733,0.4651644825935364,0.4949975609779358
C017,C017-G01,9,C017-G01-C6,The floor tape marking the walkway has worn away entirely.,Ludmila_Chukwu,2026-07-16 16:11:00,0.148,0.25,0.071,0.114,0.34196422141054916,0.19324634523238088,0.8209456493575782,0.35932615399360657,0.3471360504627228,0.3560749292373657
C018,C018-G01,8,C018-G01-C1,Somebody has changed the alarm code without telling the weekend staff.,Elspeth_Ruan,2026-09-11 20:50:00,0.159,0.195,0.778,0.164,0.1981884924355513,0.2557391856587613,0.9234959312372335,0.4910154342651367,0.5430194139480591,0.5267816185951233
C018,C018-G01,8,C018-G01-C2,The delivery schedule assumes we open at seven and we open at eight.,Leander_Nneka,2026-09-11 20:01:00,0.132,0.18,0.833,0.116,0.5610636752803676,0.2060810913560892,0.46174796561861675,0.4864345192909241,0.5158568620681763,0.5314663648605347
C018,C018-G01,8,C018-G01-C3,The back door bell doesn't ring in the office.,Lambert_Obiakor,2026-09-11 19:53:00,0.072,0.223,0.137,0.217,0.1981884924355513,1.2135864075092941,3.273137027441974,0.4422608017921448,0.47606220841407776,0.49613478779792786
C018,C018-G01,8,C018-G01-C4,And put the price difference in writing at the same time.,Lazslo_Winterbourne,2026-09-11 19:58:00,0.798,0.769,0.029,0.782,0.6504050248473051,0.33395068418546986,0.9234959312372335,0.5678309202194214,0.49622538685798645,0.5582866072654724
C018,C018-G01,8,C018-G01-C5,And the price difference goes to them in writing at the same time.,Pyro_Casimir,2026-09-11 20:07:00,0.2,0.951,0.091,0.898,0.6504050248473051,0.33395068418546986,1.4173996190511935,0.5515059232711792,0.5029975175857544,0.5469730496406555
C019,C019-G01,4,C019-G01-C1,Apologise properly and offer to pay for the ruts. That relationship is worth more than the cost.,Sunniva_Achampong,2026-05-05 08:12:00,0.473,0.315,0.483,0.849,0.8970701537766046,0.9372947225064051,1.6313867065312693,0.5262665748596191,0.5678853392601013,0.5674511790275574
C019,C019-G01,4,C019-G01-C2,Then we scrub and rebook. The passengers will be disappointed for a day and alive for years.,Sunniva_Achampong,2026-05-05 08:17:00,0.854,0.327,0.831,0.846,1.1746670924724747,1.3395776847010248,3.1195060744249634,0.459692120552063,0.46149593591690063,0.48286938667297363
C019,C019-G01,4,C019-G01-C3,"Book it in the gap after the bank holiday, that's our quietest fortnight.",Bartholomew_Eze,2026-05-05 08:10:00,0.737,0.197,0.384,0.579,1.4087629849779062,0.9372947225064051,2.806305463619357,0.3711577355861664,0.3661441504955292,0.38768088817596436
C019,C019-G01,4,C019-G01-C4,We've no spare till rolls left in the drawer at all.,Ingrid_Chukwueke,2026-05-05 08:07:00,0.02,0.882,0.172,0.186,0.21517189295493247,0.46864736125320255,0.511118839045321,0.32799556851387024,0.4072260856628418,0.3985535502433777
C019,C019-G01,4,C019-G01-C5,We should photograph the meter reading rather than writing it down.,Barnaby_Ofori,2026-05-05 08:16:00,0.145,0.171,0.102,0.115,0.5873335462362373,0.46864736125320255,1.3885467005972254,0.434688538312912,0.5001543164253235,0.4751697778701782
C019,C019-G02,10,C019-G02-C1,The signage for the queue system contradicts what the staff say.,Isolda_Nwamaka,2026-05-05 09:25:00,0.116,0.169,0.066,0.225,0.796708433146349,0.1111111111111111,1.3773243354046805,0.41355419158935547,0.38997554779052734,0.42435792088508606
C019,C019-G02,10,C019-G02-C2,Then we scrub and rebook. The passengers will be disappointed for a day and alive for years.,Sunniva_Achampong,2026-05-05 09:56:00,0.783,0.276,0.48,0.527,1.0884608171154349,0.06666666666666667,1.8240241198602525,0.5182576775550842,0.4767679274082184,0.5294561386108398
C019,C019-G02,10,C019-G02-C3,Apologise properly and offer to pay for the ruts. That relationship is worth more than the cost.,Sunniva_Achampong,2026-05-05 10:05:00,0.791,0.845,0.776,0.735,1.1894520269508875,0.0625,2.010149030050074,0.4995233416557312,0.49083763360977173,0.536164402961731
C019,C019-G02,10,C019-G02-C4,We should photograph the meter reading rather than writing it down.,Barnaby_Ofori,2026-05-05 10:53:00,0.12,0.217,0.039,0.166,0.14926722772382842,0.09090909090909091,0.27509670791792334,0.44563448429107666,0.4400472044944763,0.4644697606563568
C019,C019-G02,10,C019-G02-C5,"Book it in the gap after the bank holiday, that's our quietest fortnight.",Bartholomew_Eze,2026-05-05 10:07:00,0.524,0.885,0.443,0.528,0.4030215148543367,0.07692307692307693,0.5501934158358467,0.33484193682670593,0.4935694634914398,0.3701445758342743
C019,C019-G03,12,C019-G03-C1,Apologise properly and offer to pay for the ruts. That relationship is worth more than the cost.,Sunniva_Achampong,2026-05-05 14:49:00,0.708,0.345,0.475,0.615,0.0,0.0,0.0,0.438936322927475,0.0,0.438936322927475
C019,C019-G03,12,C019-G03-C2,The stock room door sticks in wet weather and has to be shouldered.,Jonas_Okafor,2026-05-05 11:30:00,0.142,0.22,0.12,0.139,0.0,0.0,0.0,0.36680999398231506,0.0,0.36680999398231506
C019,C019-G03,12,C019-G03-C3,"Book it in the gap after the bank holiday, that's our quietest fortnight.",Bartholomew_Eze,2026-05-05 13:54:00,0.793,0.749,0.854,0.827,0.0,0.0,0.0,0.4432487189769745,0.0,0.4432487189769745
C019,C019-G03,12,C019-G03-C4,Somebody has changed the alarm code without telling the weekend staff.,Elspeth_Ruan,2026-05-05 12:10:00,0.114,0.248,0.126,0.142,0.0,0.0,0.0,0.38346201181411743,0.0,0.38346201181411743
C019,C019-G03,12,C019-G03-C5,Then we scrub and rebook. The passengers will be disappointed for a day and alive for years.,Sunniva_Achampong,2026-05-05 13:51:00,0.504,0.319,0.423,0.881,0.0,0.0,0.0,0.5437750816345215,0.0,0.5437750816345215
C020,C020-G01,8,C020-G01-C1,We can send it as long as the gaps are stated in the agreement itself.,Kristoffer_Baena,2026-11-19 17:25:00,0.206,0.98,0.181,0.377,0.8863123576864017,1.270352480230604,2.523170254934142,0.3215758204460144,0.532415509223938,0.49144741892814636
C020,C020-G01,8,C020-G01-C2,"We can send it, but the incompleteness has to go in the agreement, not be quietly omitted.",Curator_Adaora,2026-11-19 17:58:00,0.887,0.787,0.343,0.81,0.811018000258688,0.7478144432878411,1.9274997152419795,0.39033228158950806,0.5324073433876038,0.5353566408157349
C020,C020-G01,8,C020-G01-C3,We're out of the blue folders and everything is going into green ones.,Bronwen_Adeoye,2026-11-19 17:54:00,0.169,0.346,0.281,0.898,1.1309418386135912,0.635176240115302,2.260921301724329,0.3651339113712311,0.530550479888916,0.5040974617004395
C020,C020-G01,8,C020-G01-C4,Two of the aprons have gone missing from the laundry bag.,Emmeline_Kachi,2026-11-19 17:01:00,0.134,0.288,0.98,0.363,0.4650475095451409,0.7396245594347697,1.9274997152419795,0.4027538299560547,0.486212819814682,0.4741875231266022
C020,C020-G01,8,C020-G01-C5,Eleven accessions below threshold is more field space than we've allocated.,Curator_Adaora,2026-11-19 17:28:00,0.96,0.353,0.783,0.412,0.0,0.0,0.0,0.41154128313064575,0.5095449686050415,0.5047768950462341
C021,C021-G01,7,C021-G01-C1,The staff rota is being changed after publication without telling people.,Dulcinea_Chukwuma,2026-03-30 10:39:00,0.09,0.164,0.068,0.193,0.673855078159392,0.5713802427855506,1.406160238230594,0.514126718044281,0.4816487431526184,0.5035607814788818
C021,C021-G01,7,C021-G01-C2,That'll be it. Get it back on and the new growth should come through clean.,Zbigniew_Marr,2026-03-30 09:45:00,0.892,0.357,0.78,0.789,0.9525169525862082,1.2490850904239137,2.451235681987543,0.5727667808532715,0.5000753998756409,0.5451852083206177
C021,C021-G01,7,C021-G01-C3,"Then we quote a December price that reflects that, and let them decide.",Henrietta_Boakye,2026-03-30 09:12:00,0.775,0.156,0.479,0.646,1.4287754288793122,0.6561965803417189,3.2255826929416607,0.4376565217971802,0.5992809534072876,0.5376094579696655
C021,C021-G01,7,C021-G01-C4,The stock cages are being pushed two at a time down the ramp.,Zelda_Chikodiri,2026-03-30 11:23:00,0.062,0.306,0.127,0.15,1.347710156318784,1.142760485571101,2.812320476461188,0.3788765072822571,0.39995741844177246,0.3771868944168091
C021,C021-G01,7,C021-G01-C5,Better than promising and failing in the one month they'd remember.,Zbigniew_Marr,2026-03-30 08:57:00,0.761,0.834,0.431,0.537,1.5892073519597223,0.6978805277655045,2.953442192883851,0.47708046436309814,0.5279262065887451,0.5174081325531006
C021,C021-G02,10,C021-G02-C1,The fire door on the corridor has been wedged with a bin.,Amadeus_Nwosu,2026-03-30 19:31:00,0.139,0.109,0.421,0.246,0.8445564928725998,0.09090909090909091,1.4613896561604423,0.42465585470199585,0.38106435537338257,0.39576196670532227
C021,C021-G02,10,C021-G02-C2,The stock cages are being pushed two at a time down the ramp.,Zelda_Chikodiri,2026-03-30 19:15:00,0.048,0.235,0.158,0.197,1.142760485571101,0.16666666666666666,1.2116395968534706,0.39995741844177246,0.4846527874469757,0.4111698865890503
C021,C021-G02,10,C021-G02-C3,That'll be it. Get it back on and the new growth should come through clean.,Zbigniew_Marr,2026-03-30 19:28:00,0.662,0.299,0.862,0.548,1.2490850904239137,0.06666666666666667,2.1180373006846156,0.5000753998756409,0.6542127132415771,0.562606930732727
C021,C021-G02,10,C021-G02-C4,Better than promising and failing in the one month they'd remember.,Zbigniew_Marr,2026-03-30 19:18:00,0.508,0.261,0.815,0.591,0.6978805277655045,0.08333333333333333,1.1931423189483525,0.5279262065887451,0.5343855619430542,0.53095942735672
C021,C021-G02,10,C021-G02-C5,"Then we quote a December price that reflects that, and let them decide.",Henrietta_Boakye,2026-03-30 20:34:00,0.803,0.748,0.098,0.818,0.6561965803417189,0.08333333333333333,0.9248949817362629,0.5992809534072876,0.42135101556777954,0.5745320320129395
C021,C021-G03,12,C021-G03-C1,We're still paying for a phone line into the old unit.,Ferdinand_Whipp,2026-03-30 22:48:00,0.08,0.134,0.133,0.24,0.0,0.0,0.0,0.46452629566192627,0.0,0.46452629566192627
C021,C021-G03,12,C021-G03-C2,"Then we quote a December price that reflects that, and let them decide.",Henrietta_Boakye,2026-03-31 04:53:00,0.494,0.307,0.143,0.615,0.0,0.0,0.0,0.37293756008148193,0.0,0.37293756008148193
C021,C021-G03,12,C021-G03-C3,Better than promising and failing in the one month they'd remember.,Zbigniew_Marr,2026-03-30 21:44:00,0.821,0.766,0.504,0.844,0.0,0.0,0.0,0.4742872714996338,0.0,0.4742872714996338
C021,C021-G03,12,C021-G03-C4,The delivery driver has nowhere to wait out of the rain.,Valerian_Okafor,2026-03-31 07:11:00,0.053,0.134,0.802,0.185,0.0,0.0,0.0,0.4252287447452545,0.0,0.4252287447452545
C021,C021-G03,12,C021-G03-C5,That'll be it. Get it back on and the new growth should come through clean.,Zbigniew_Marr,2026-03-31 02:16:00,0.863,0.27,0.841,0.618,0.0,0.0,0.0,0.6249504685401917,0.0,0.6249504685401917
C022,C022-G01,2,C022-G01-C1,"Filter saturation, nine times out of ten. When were they last changed?",Ademola_Steen,2026-01-14 08:51:00,0.863,0.359,0.779,0.789,0.0,0.5583618339539632,0.9159976869050851,0.40268468856811523,0.5260657668113708,0.4850503206253052
C022,C022-G01,2,C022-G01-C2,There's a leak somewhere then. Topping it up daily is not a fix.,Cordelia_Vasquez,2026-01-14 08:47:00,0.696,0.866,0.512,0.579,0.15384615384615385,0.9630852524505302,1.7606189306747089,0.457836389541626,0.6590795516967773,0.620354175567627
C022,C022-G01,2,C022-G01-C3,The stock room door sticks in wet weather and has to be shouldered.,Jonas_Okafor,2026-01-14 08:36:00,0.095,0.163,0.093,0.113,0.07692307692307693,1.1600799631790477,1.74457812433667,0.4578739404678345,0.4876015782356262,0.5214271545410156
C022,C022-G01,2,C022-G01-C4,Two of the aprons have gone missing from the laundry bag.,Emmeline_Kachi,2026-01-14 08:51:00,0.158,0.318,0.15,0.213,0.1,0.5583618339539632,0.9159976869050851,0.3818982243537903,0.4783182740211487,0.48103129863739014
C022,C022-G01,2,C022-G01-C5,Change them and re-clean the four coats currently on the rail before anyone collects them.,Cordelia_Vasquez,2026-01-14 09:01:00,0.486,0.189,0.809,0.537,0.21428571428571427,0.5583618339539632,1.2560513102984205,0.5009672045707703,0.512540340423584,0.548901379108429
C022,C022-G02,7,C022-G02-C1,"Filter saturation, nine times out of ten. When were they last changed?",Ademola_Steen,2026-01-14 11:06:00,0.141,0.286,0.839,0.576,0.5108256237659907,0.0,1.2794297636596796,0.5084479451179504,0.5119353532791138,0.5259356498718262
C022,C022-G02,7,C022-G02-C2,There's a leak somewhere then. Topping it up daily is not a fix.,Cordelia_Vasquez,2026-01-14 11:24:00,0.906,0.384,0.402,0.626,0.8191898722588753,1.1573687564292188,1.597167642756695,0.6168715953826904,0.5785654187202454,0.6333099603652954
C022,C022-G02,7,C022-G02-C3,Change them and re-clean the four coats currently on the rail before anyone collects them.,Cordelia_Vasquez,2026-01-14 11:02:00,0.502,0.861,0.822,0.824,0.7385585458019731,0.7313665757240014,1.763395909773632,0.551258385181427,0.5787607431411743,0.6002756357192993
C022,C022-G02,7,C022-G02-C4,Nobody checked the generator this month and it's a monthly job.,Gustave_Onwuka,2026-01-14 11:17:00,0.712,0.113,0.16,0.202,0.7385585458019731,0.7736232674628932,1.3064834735977682,0.5382729768753052,0.4376022219657898,0.5233169794082642
C022,C022-G02,7,C022-G02-C5,The stock room door sticks in wet weather and has to be shouldered.,Jonas_Okafor,2026-01-14 11:27:00,0.066,0.242,0.078,0.171,1.6858401588958083,0.6977130470950118,2.7912701493879704,0.49022766947746277,0.5146260261535645,0.5449615716934204
C022,C022-G02,7,C022-G02-C6,The stairwell handrail is loose at the top fixing.,Kenelm_Obiajulu,2026-01-14 11:23:00,0.086,0.223,0.054,0.126,0.7385585458019731,0.815879959201785,1.8745732350833528,0.4684252142906189,0.5220279097557068,0.5319477319717407
C022,C022-G03,10,C022-G03-C1,Change them and re-clean the four coats currently on the rail before anyone collects them.,Cordelia_Vasquez,2026-01-14 13:11:00,0.699,0.251,0.413,0.135,0.7313665757240014,0.14285714285714285,0.4752433803114339,0.5787607431411743,0.32010418176651,0.5634080171585083
C022,C022-G03,10,C022-G03-C2,"Filter saturation, nine times out of ten. When were they last changed?",Ademola_Steen,2026-01-14 15:15:00,0.488,0.315,0.378,0.62,0.0,0.0,0.0,0.5119353532791138,0.33362066745758057,0.49854883551597595
C022,C022-G03,10,C022-G03-C3,There's a leak somewhere then. Topping it up daily is not a fix.,Cordelia_Vasquez,2026-01-14 13:18:00,0.849,0.886,0.814,0.828,1.1573687564292188,0.15384615384615385,1.02129565033328,0.5785654187202454,0.4519363343715668,0.563511848449707
C022,C022-G03,10,C022-G03-C4,The staff microwave has a door that doesn't latch properly.,Petra_Nwaeze,2026-01-14 13:38:00,0.134,0.111,0.129,0.248,0.6718351357899652,0.09090909090909091,1.0921751934958082,0.47963225841522217,0.37461790442466736,0.4812765121459961
C022,C022-G03,10,C022-G03-C5,The training video still references a machine we sold.,Quillon_Adaeke,2026-01-14 14:26:00,0.163,0.192,0.098,0.817,0.3476210867576758,0.2222222222222222,1.096406259959425,0.5198966860771179,0.5160160660743713,0.5264024138450623
C023,C023-G01,9,C023-G01-C1,If it's the room's humidity swinging then the instrument itself is perfectly fine.,Fionnuala_Okpara,2026-04-11 16:09:00,0.902,0.808,0.165,0.862,2.5253870824255524,0.0,4.1073947819298295,0.42612385749816895,0.5113047957420349,0.46845656633377075
C023,C023-G01,9,C023-G01-C2,Nobody has signed the cleaning rota for a fortnight.,Wilhelmina_Crace,2026-04-11 23:25:00,0.074,0.156,0.154,0.173,0.1335268051399037,0.0,1.6758731598616758,0.4694453775882721,0.4269459843635559,0.4565717875957489
C023,C023-G01,9,C023-G01-C3,Mileage is fairer but nobody logs it honestly.,Fionnuala_Okpara,2026-04-12 09:16:00,0.837,0.831,0.744,0.83,0.5700200093526077,0.0,1.6673575778399625,0.6379362344741821,0.6561095714569092,0.6192564964294434
C023,C023-G01,9,C023-G01-C4,The signage for the disabled parking bay has faded away entirely.,Florian_Adaora,2026-04-11 00:12:00,0.076,0.206,0.083,0.154,0.2670536102798074,0.0,0.7523137257118447,0.3940856456756592,0.43207719922065735,0.4125713109970093
C023,C023-G01,9,C023-G01-C5,The back door bell doesn't ring in the office.,Lambert_Obiakor,2026-04-11 09:00:00,0.133,0.205,0.116,0.145,0.2670536102798074,0.0,1.2835676607037403,0.4170229434967041,0.46642863750457764,0.4463074803352356
C024,C024-G01,2,C024-G01-C1,Vehicle to the top car park or are we walking in from the valley?,Saoirse_Adeyemo,2026-12-05 20:40:00,0.845,0.83,0.075,0.766,0.07692307692307693,2.2240151701599586,3.7525927358648334,0.4167916774749756,0.6417161226272583,0.594231128692627
C024,C024-G01,2,C024-G01-C2,"Intermittent, and always when it's wet.",Saoirse_Adeyemo,2026-12-05 20:40:00,0.665,0.278,0.817,0.597,0.0,0.11196072894292745,0.0,0.34451448917388916,0.429939866065979,0.39184027910232544
C024,C024-G01,2,C024-G01-C3,"Open five places to the neighbouring team, they did the same for us in March.",Saoirse_Adeyemo,2026-12-05 20:36:00,0.949,0.282,0.444,0.563,0.07142857142857142,0.8008769657835852,1.3850373258074475,0.31365594267845154,0.47206106781959534,0.4388163089752197
C024,C024-G01,2,C024-G01-C4,The water in the upstairs sink runs brown for the first minute.,Adelaide_Nkolika,2026-12-05 20:04:00,0.044,0.161,0.033,0.19,0.1,0.9641257479459824,1.6829634203682737,0.32704901695251465,0.36196696758270264,0.3387961983680725
C024,C024-G01,2,C024-G01-C5,We're out of the blue folders and everything is going into green ones.,Bronwen_Adeoye,2026-12-05 20:28:00,0.164,0.187,0.4,0.135,0.07142857142857142,0.7839174625491068,1.1355673060831286,0.29375553131103516,0.407098650932312,0.37074393033981323
C024,C024-G02,5,C024-G02-C1,We're out of the blue folders and everything is going into green ones.,Bronwen_Adeoye,2026-12-05 22:22:00,0.031,0.117,0.096,0.135,0.7839174625491068,0.613779340819083,1.7580738166194194,0.407098650932312,0.4397020936012268,0.42022955417633057
C024,C024-G02,5,C024-G02-C2,"Open five places to the neighbouring team, they did the same for us in March.",Saoirse_Adeyemo,2026-12-05 22:23:00,0.881,0.878,0.752,0.86,0.8008769657835852,0.8772660480520129,2.1656350236641195,0.47206106781959534,0.4641951322555542,0.4714857041835785
C024,C024-G02,5,C024-G02-C3,The card machine and the till are on the same overloaded socket.,Kunigunde_Nwabueze,2026-12-05 22:25:00,0.106,0.218,0.043,0.24,1.5458763763310024,1.0910777203543096,3.143779672052043,0.4700358808040619,0.5048598051071167,0.4809572696685791
C024,C024-G02,5,C024-G02-C4,"Intermittent, and always when it's wet.",Saoirse_Adeyemo,2026-12-05 22:41:00,0.61,0.928,0.432,0.6,0.11196072894292745,1.3976987751251866,2.355881762595558,0.429939866065979,0.5035009980201721,0.4797102212905884
C024,C024-G02,5,C024-G02-C5,Vehicle to the top car park or are we walking in from the valley?,Saoirse_Adeyemo,2026-12-05 22:28:00,0.657,0.279,0.484,0.609,2.2240151701599586,0.375524938650776,5.806844512110208,0.6417161226272583,0.5504723787307739,0.6387038826942444
C024,C024-G03,11,C024-G03-C1,Our opening hours on the door and online don't match.,Rosalie_Nkemdi,2026-12-06 10:11:00,0.117,0.112,0.461,0.206,0.09588464048019746,0.0,0.09588464048019746,0.43588942289352417,0.0,0.43588942289352417
C024,C024-G03,11,C024-G03-C2,"Open five places to the neighbouring team, they did the same for us in March.",Saoirse_Adeyemo,2026-12-06 09:21:00,0.654,0.286,0.074,0.614,1.2071383616372116,0.0,1.2071383616372116,0.3538092374801636,0.0,0.3538092374801636
C024,C024-G03,11,C024-G03-C3,"Intermittent, and always when it's wet.",Saoirse_Adeyemo,2026-12-06 09:49:00,0.854,0.786,0.154,0.852,0.6035691808186058,0.0,0.6035691808186058,0.6823714971542358,0.0,0.6823714971542358
C024,C024-G03,11,C024-G03-C4,Vehicle to the top car park or are we walking in from the valley?,Saoirse_Adeyemo,2026-12-06 09:29:00,0.907,0.328,0.492,0.664,0.6811115841007132,0.0,0.6811115841007132,0.43880945444107056,0.0,0.43880945444107056
C024,C024-G03,11,C024-G03-C5,The training records spreadsheet has two versions and they disagree.,Lucian_Obasi,2026-12-06 10:05:00,0.02,0.16,0.728,0.183,0.09588464048019746,0.0,0.09588464048019746,0.4540104568004608,0.0,0.4540104568004608
C025,C025-G01,3,C025-G01-C1,"The back office window doesn't lock, it only looks like it does.",Demetrius_Ogbu,2026-08-22 06:31:00,0.079,0.131,0.092,0.176,0.0,1.1712882885612128,2.521951040179734,0.35527563095092773,0.3919714093208313,0.36955344676971436
C025,C025-G01,3,C025-G01-C2,Impeller or a blocked intake? Both are common after a summer of weed.,Ingeborg_Lyle,2026-08-22 06:37:00,0.673,0.325,0.496,0.544,0.0,0.0,1.8190091751759963,0.48785436153411865,0.5171550512313843,0.5439038276672363
C025,C025-G01,3,C025-G01-C3,Agreed. Get the hydrographer to run it before we commit to any sailing plan.,Nkosana_Reilly,2026-08-22 06:27:00,0.517,0.879,0.435,0.535,0.0,0.6550602786449354,1.4304571896671412,0.5259453058242798,0.6060501337051392,0.6029394865036011
C025,C025-G01,3,C025-G01-C4,Not yet. I've reported it and I'm telling every inbound until it is.,Pilot_Cormac,2026-08-22 06:34:00,0.809,0.784,0.805,0.859,0.0,1.548684029748832,2.5172797719663476,0.46773576736450195,0.5344268679618835,0.5358792543411255
C025,C025-G01,3,C025-G01-C5,We're double handling every pallet because of where they get dropped.,Percival_Nsofor,2026-08-22 06:39:00,0.114,0.249,0.093,0.232,0.0,0.0,1.1280394035431482,0.3940305709838867,0.4174982011318207,0.41758638620376587
C025,C025-G02,9,C025-G02-C1,Agreed. Get the hydrographer to run it before we commit to any sailing plan.,Nkosana_Reilly,2026-08-22 15:22:00,0.838,0.902,0.818,0.831,0.5607529378667194,0.0,1.248151347925834,0.6216654181480408,0.5214043855667114,0.6157010793685913
C025,C025-G02,9,C025-G02-C2,We're double handling every pallet because of where they get dropped.,Percival_Nsofor,2026-08-22 14:49:00,0.168,0.176,0.177,0.138,0.4986951999826295,0.0,0.697073956346736,0.4514888823032379,0.482756644487381,0.4649012088775635
C025,C025-G02,9,C025-G02-C3,Impeller or a blocked intake? Both are common after a summer of weed.,Ingeborg_Lyle,2026-08-22 18:02:00,0.949,0.31,0.502,0.576,1.1631106510364098,0.0,2.5503499558366833,0.4953932762145996,0.6489150524139404,0.592399001121521
C025,C025-G02,9,C025-G02-C4,Not yet. I've reported it and I'm telling every inbound until it is.,Pilot_Cormac,2026-08-22 16:10:00,0.717,0.339,0.415,0.538,1.9573451604781718,0.0,2.905002995755831,0.5240709781646729,0.5437659025192261,0.5444217920303345
C025,C025-G03,12,C025-G03-C1,Not yet. I've reported it and I'm telling every inbound until it is.,Pilot_Cormac,2026-08-23 15:07:00,0.508,0.92,0.371,0.595,0.0,0.0,0.0,0.5437659025192261,0.0,0.5437659025192261
C025,C025-G03,12,C025-G03-C2,The chiller has been running warm since the door seal split.,Yusuf_Nwabuisi,2026-08-23 05:13:00,0.075,0.254,0.14,0.223,0.0,0.0,0.0,0.4975149929523468,0.0,0.4975149929523468
C025,C025-G03,12,C025-G03-C3,Impeller or a blocked intake? Both are common after a summer of weed.,Ingeborg_Lyle,2026-08-23 15:32:00,0.903,0.784,0.747,0.812,0.0,0.0,0.0,0.6489150524139404,0.0,0.6489150524139404
C025,C025-G03,12,C025-G03-C4,Agreed. Get the hydrographer to run it before we commit to any sailing plan.,Nkosana_Reilly,2026-08-23 10:19:00,0.715,0.316,0.419,0.613,0.0,0.0,0.0,0.5214043855667114,0.0,0.5214043855667114
C026,C026-G01,11,C026-G01-C1,Cheaper over five years and considerably safer in the meantime.,Marisela_Toth,2026-02-07 11:08:00,0.829,0.794,0.818,0.822,0.7878204445129785,0.0,1.9327443573613443,0.5661953091621399,0.5101757049560547,0.5751634240150452
C026,C026-G01,11,C026-G01-C2,The stairwell handrail is loose at the top fixing.,Kenelm_Obiajulu,2026-02-08 14:26:00,0.039,0.238,0.119,0.203,1.086863029289342,0.0,2.2123084989197634,0.4820672869682312,0.36649543046951294,0.4466243386268616
C026,C026-G01,11,C026-G01-C3,Somebody has written on the whiteboard in permanent marker.,Griselda_Ashby,2026-02-08 10:38:00,0.087,0.177,0.108,0.117,0.6181542945651534,0.0,1.3184381992147316,0.44469332695007324,0.3550870418548584,0.4280828535556793
C026,C026-G01,11,C026-G01-C4,The stock rotation is not happening at all on the top shelf.,Nikolai_Adaeze,2026-02-08 00:11:00,0.081,0.186,0.072,0.169,1.086863029289342,0.0,2.2123084989197634,0.447298526763916,0.3479723632335663,0.4347735047340393
C026,C026-G01,11,C026-G01-C5,"Nothing goes on that rigging point until the test is signed off, rehearsal included.",Marisela_Toth,2026-02-07 17:56:00,0.908,0.89,0.204,0.831,1.086863029289342,0.0,2.2123084989197634,0.37404578924179077,0.4410293698310852,0.42771387100219727
C027,C027-G01,9,C027-G01-C1,The bin store light has been out since the clocks changed.,Montague_Ezeh,2026-06-03 19:52:00,0.057,0.169,0.061,0.155,1.2206238235868467,0.7781944058152354,2.5863753296773058,0.4634333550930023,0.4844331741333008,0.4769423007965088
C027,C027-G01,9,C027-G01-C2,Slowing the cooling ramp should clear the crazing on the upper shelves.,Anneliese_Dumont,2026-06-03 19:36:00,0.901,0.891,0.17,0.841,1.6634903210653058,0.3528283764246303,4.828531416088005,0.7045007348060608,0.4904428720474243,0.623674750328064
C027,C027-G01,9,C027-G01-C3,The window above the door has been broken since the wind in March.,Benedict_Uzoma,2026-06-03 19:39:00,0.08,0.188,0.119,0.204,0.8805624818621477,1.4387793528222608,2.9134904633909064,0.4461010694503784,0.469967782497406,0.4470108151435852
C027,C027-G01,9,C027-G01-C4,Changed how? That affects every shrinkage figure we hold.,Anneliese_Dumont,2026-06-03 19:48:00,0.897,0.766,0.78,0.759,0.47518662675906115,0.5429754881988152,1.3657235912732857,0.5550180673599243,0.606712818145752,0.5799432992935181
C027,C027-G01,9,C027-G01-C5,"The tea fund is in deficit, which is a sentence I never wanted to write.",Hadrian_Vosloo,2026-06-03 19:37:00,0.073,0.177,0.093,0.178,0.15042248711372394,1.5173428739177757,3.8209730789206784,0.41484612226486206,0.4315253794193268,0.4273384213447571
C028,C028-G01,2,C028-G01-C1,Autohinting or the manual work? The roman came out fine with the same process.,Jasper_Oyelowo,2026-09-24 10:40:00,0.793,0.853,0.067,0.794,0.08333333333333333,0.9110265901559069,1.5685337174676905,0.49508965015411377,0.6280614733695984,0.6145428419113159
C028,C028-G01,2,C028-G01-C2,We've three different forms for the same request.,Terence_Falkner,2026-09-24 11:47:00,0.048,0.178,0.12,0.163,0.1111111111111111,0.6308142259408186,1.0748763512349135,0.5047857761383057,0.543912410736084,0.5648517608642578
C028,C028-G01,2,C028-G01-C3,Two of the strip lights buzz loudly whenever the compressor runs.,Aurelia_Mbanefo,2026-09-24 11:19:00,0.107,0.168,0.069,0.169,0.1,0.32433372937523214,0.5895960153709604,0.4322357773780823,0.377560019493103,0.39179500937461853
C028,C028-G01,2,C028-G01-C4,Is that the autohinter or the manual work? The roman came through fine.,Jasper_Oyelowo,2026-09-24 11:45:00,0.879,0.292,0.798,0.828,0.18181818181818182,0.9551479553160508,1.6644723666058738,0.4532397389411926,0.6042520403862,0.5843275785446167
C028,C028-G01,2,C028-G01-C5,The tannoy microphone picks up everything said near it.,Alastair_Nwaobi,2026-09-24 10:58:00,0.078,0.174,0.811,0.165,0.1111111111111111,0.6832699426169302,1.15420405624981,0.44567936658859253,0.42503905296325684,0.4401552677154541
C029,C029-G01,8,C029-G01-C1,The customer wifi password is written on the window in marker.,Xanthippe_Nnaemeka,2026-03-12 11:18:00,0.111,0.189,0.041,0.2,0.8366574999125787,0.6897065346841031,2.0427445629127776,0.4431834816932678,0.5249847173690796,0.4705234169960022
C029,C029-G01,8,C029-G01-C2,We've no record of who has the master key.,Oriana_Fitzwell,2026-03-12 11:18:00,0.031,0.92,0.081,0.147,0.5888117999289108,0.5892674413927649,1.6341341770024154,0.38153254985809326,0.40735992789268494,0.42019516229629517
C029,C029-G01,8,C029-G01-C3,"Check the tup guides before anything else, they're always what wears first.",Smith_Aurelian,2026-03-12 11:56:00,0.256,0.869,0.879,0.891,0.160009850453892,0.5892674413927649,1.6341341770024154,0.5257641673088074,0.5811619162559509,0.5696828961372375
C029,C029-G01,8,C029-G01-C4,"Check the tup guides before you touch anything else, they wear first.",Morwenna_Diallo,2026-03-12 11:28:00,0.777,0.164,0.759,0.776,0.6512381818585465,0.5892674413927649,1.6341341770024154,0.5284940600395203,0.5820700526237488,0.5729470252990723
C030,C030-G01,11,C030-G01-C1,We only have one copy of the key for the meter cupboard.,Barnaby_Selwyn,2026-05-21 17:40:00,0.104,0.189,0.11,0.107,0.4526302995394854,0.0,0.8885281018700273,0.44994327425956726,0.2877139449119568,0.4435847997665405
C030,C030-G01,11,C030-G01-C2,The alarm engineer came and nobody knew he was coming.,Maximilian_Osho,2026-05-21 17:58:00,0.043,0.24,0.065,0.25,0.4526302995394854,0.0,0.8885281018700273,0.3689907193183899,0.41503530740737915,0.4112868010997772
C030,C030-G01,11,C030-G01-C3,"Reprint before the festival batch ships, people genuinely follow those.",Rasheeda_Lindqvist,2026-05-21 17:33:00,0.865,0.854,0.744,0.843,0.1903135085585891,0.0,0.3851868549316621,0.47342056035995483,0.47167038917541504,0.5048804879188538
C030,C030-G01,11,C030-G01-C4,We've no record of who has the master key.,Oriana_Fitzwell,2026-05-22 00:44:00,0.023,0.264,0.183,0.206,0.1903135085585891,0.0,0.3851868549316621,0.3615758717060089,0.2801632881164551,0.38449886441230774
C030,C030-G01,11,C030-G01-C5,"The coating change is bleeding into the white panels, which is where it shows.",Rasheeda_Lindqvist,2026-05-21 17:31:00,0.902,0.825,0.186,0.822,0.6683699750209224,0.0,5.991495022781786,0.46560001373291016,0.7947977781295776,0.6184893846511841
C031,C031-G01,3,C031-G01-C1,"Retire them on the date, not when they look worn. That's the whole point of the date.",Priyasha_Amadou,2026-04-16 10:25:00,0.881,0.895,0.49,0.787,0.0,2.1321417339797875,2.602455789682361,0.44777607917785645,0.6399809122085571,0.5855253338813782
C031,C031-G01,3,C031-G01-C2,That's a variation and it needs masks and a different cleaning spec.,Priyasha_Amadou,2026-04-16 10:15:00,0.5,0.275,0.055,0.886,0.0,0.6082119404159209,1.4045026135428258,0.3384733200073242,0.4990193247795105,0.4439316391944885
C031,C031-G01,3,C031-G01-C3,Put that in the method statement so it's a condition rather than a request.,Benicio_Faraday,2026-04-16 10:08:00,0.74,0.31,0.357,0.562,0.0,1.2344275804837932,1.9405745448489968,0.3399774432182312,0.5270684361457825,0.49305450916290283
C031,C031-G01,3,C031-G01-C4,The heater in the office trips the breaker when the kettle is on.,Desmond_Ifeoma,2026-04-16 10:09:00,0.106,0.164,0.077,0.192,0.0,3.3352176923097474,3.135310928137411,0.34192246198654175,0.5589733719825745,0.5204007625579834
C031,C031-G01,3,C031-G01-C5,The card machine and the till are on the same overloaded socket.,Kunigunde_Nwabueze,2026-04-16 10:18:00,0.087,0.235,0.75,0.16,0.0,2.6245037809831517,2.6024557896823612,0.3080349564552307,0.5028242468833923,0.4418014585971832
C031,C031-G02,8,C031-G02-C1,"Agreed. I've told the client it's a delay caused by their paperwork, not our scheduling.",Supervisor_Ignatius,2026-04-16 19:27:00,0.714,0.376,0.486,0.216,0.7634764302842865,0.0,1.78930469482306,0.6517728567123413,0.4438014328479767,0.6463537812232971
C031,C031-G02,8,C031-G02-C2,Put that in the method statement so it's a condition rather than a request.,Benicio_Faraday,2026-04-16 16:13:00,0.784,0.327,0.48,0.215,1.0216512475319814,0.0,1.5715394175626471,0.5379986763000488,0.45438817143440247,0.5561895966529846
C031,C031-G02,8,C031-G02-C3,The card machine and the till are on the same overloaded socket.,Kunigunde_Nwabueze,2026-04-16 20:18:00,0.095,0.242,0.139,0.546,1.0486208585663905,0.0,2.3329745497035286,0.48074090480804443,0.40389758348464966,0.49992629885673523
C031,C031-G02,8,C031-G02-C4,That's a variation and it needs masks and a different cleaning spec.,Priyasha_Amadou,2026-04-16 15:55:00,0.767,0.878,0.721,0.545,1.0582841607901003,0.0,1.966923609177697,0.5624839067459106,0.4609699845314026,0.540408730506897
C031,C031-G02,8,C031-G02-C5,The photocopier is jamming on anything heavier than eighty gram paper.,Caspian_Mbatha,2026-04-16 18:01:00,0.046,0.193,0.105,0.863,1.666166429228773,0.0,3.6883084512680906,0.4457411766052246,0.35100728273391724,0.4602118134498596
C031,C031-G03,10,C031-G03-C1,Put that in the method statement so it's a condition rather than a request.,Benicio_Faraday,2026-04-16 20:45:00,0.91,0.837,0.071,0.792,1.0448781991570866,0.0,1.0448781991570866,0.5142727494239807,0.0,0.5142727494239807
C031,C031-G03,10,C031-G03-C2,"Retire them on the date, not when they look worn. That's the whole point of the date.",Priyasha_Amadou,2026-04-17 03:10:00,0.722,0.267,0.425,0.558,0.7820187027644583,0.0,0.7820187027644583,0.5825372934341431,0.0,0.5825372934341431
C031,C031-G03,10,C031-G03-C3,Two of the trolleys' brakes don't hold on the slope.,Winifred_Obiora,2026-04-16 21:50:00,0.147,0.212,0.062,0.194,0.19321644305234337,0.0,0.19321644305234337,0.3836592733860016,0.0,0.3836592733860016
C031,C031-G03,10,C031-G03-C4,Half the extension numbers on the list are wrong.,Marcellus_Dovey,2026-04-16 22:39:00,0.078,0.189,0.438,0.125,0.19321644305234337,0.0,0.19321644305234337,0.4767274558544159,0.0,0.4767274558544159
C031,C031-G03,10,C031-G03-C5,"Agreed. I've told the client it's a delay caused by their paperwork, not our scheduling.",Supervisor_Ignatius,2026-04-16 22:37:00,0.555,0.968,0.803,0.598,1.1884492494229457,0.0,1.1884492494229457,0.6570577025413513,0.0,0.6570577025413513
C031,C031-G04,12,C031-G04-C1,"Agreed. I've told the client it's a delay caused by their paperwork, not our scheduling.",Supervisor_Ignatius,2026-04-17 11:02:00,0.815,0.873,0.819,0.817,0.11764705882352941,0.0,0.11764705882352941,0.4471127688884735,0.0,0.4471127688884735
C031,C031-G04,12,C031-G04-C2,"Retire them on the date, not when they look worn. That's the whole point of the date.",Priyasha_Amadou,2026-04-17 10:06:00,0.647,0.379,0.405,0.527,0.13333333333333333,0.0,0.13333333333333333,0.43230438232421875,0.0,0.43230438232421875
C031,C031-G04,12,C031-G04-C3,The signage for the disabled parking bay has faded away entirely.,Florian_Adaora,2026-04-17 10:44:00,0.087,0.134,0.131,0.217,0.2,0.0,0.2,0.2584310472011566,0.0,0.2584310472011566
C031,C031-G04,12,C031-G04-C4,The visitor book hasn't been signed by anyone since Tuesday.,Wilhelmine_Azu,2026-04-17 09:28:00,0.101,0.231,0.12,0.252,0.09090909090909091,0.0,0.09090909090909091,0.30554407835006714,0.0,0.30554407835006714
C031,C031-G04,12,C031-G04-C5,That's a variation and it needs masks and a different cleaning spec.,Priyasha_Amadou,2026-04-17 11:02:00,0.707,0.378,0.428,0.599,0.2727272727272727,0.0,0.2727272727272727,0.4256213903427124,0.0,0.4256213903427124
C032,C032-G01,2,C032-G01-C1,The stock room door sticks in wet weather and has to be shouldered.,Jonas_Okafor,2026-10-01 08:56:00,0.111,0.228,0.087,0.186,0.23076923076923078,1.091083856587553,0.9680109500161809,0.4813932776451111,0.47774770855903625,0.4981625974178314
C032,C032-G01,2,C032-G01-C2,The cleaning contract hasn't been reviewed in five years.,Katarina_Uche,2026-10-01 09:03:00,0.091,0.153,0.154,0.213,0.2,1.091083856587553,1.777620108211532,0.3212016224861145,0.4153265357017517,0.4173823595046997
C032,C032-G01,2,C032-G01-C3,The door entry system lets anyone in who pulls hard enough.,Millicent_Abara,2026-10-01 08:21:00,0.963,0.146,0.142,0.197,0.18181818181818182,0.20433024950639625,0.41883746448035764,0.4365644156932831,0.3976529836654663,0.40753787755966187
C032,C032-G01,2,C032-G01-C4,Soft as in over-ripe or soft as in rotten?,Ottavia_Nnadi,2026-10-01 08:19:00,0.058,0.776,0.826,0.824,0.2857142857142857,1.2259814970383778,2.125072863145829,0.4597189724445343,0.6101745367050171,0.5746139287948608
C032,C032-G01,2,C032-G01-C5,Over-ripe soft or rotten soft? It changes entirely what we can do with them.,Ottavia_Nnadi,2026-10-01 08:57:00,0.911,0.298,0.709,0.853,0.07142857142857142,1.0532487087958573,1.7773336673583295,0.4822268486022949,0.6047874093055725,0.5757428407669067
C033,C033-G01,2,C033-G01-C1,Then we either go back to the old point or slow the pan to suit the new feed.,Kasimir_Tunde,2026-07-02 08:14:00,0.56,0.277,0.856,0.509,0.13333333333333333,1.3844721957383248,2.363856049985646,0.5098884105682373,0.5723494291305542,0.5943855047225952
C033,C033-G01,2,C033-G01-C2,The waste contractor invoices monthly and collects fortnightly.,Placidus_Obidike,2026-07-02 08:01:00,0.096,0.176,0.099,0.165,0.25,0.5973667507650868,0.24155809216853033,0.34959787130355835,0.4932977557182312,0.4486123323440552
C033,C033-G01,2,C033-G01-C3,Evaporation rate or brine density coming in?,Yolanda_Achebe,2026-07-02 08:09:00,0.785,0.801,0.805,0.811,0.14285714285714285,0.5429754881988152,0.9030760894409068,0.4727804660797119,0.6490964889526367,0.6383024454116821
C033,C033-G01,2,C033-G01-C4,The training records spreadsheet has two versions and they disagree.,Lucian_Obasi,2026-07-02 08:14:00,0.143,0.237,0.149,0.152,0.3,0.6898863310982452,0.3718025807358884,0.3251228928565979,0.47382640838623047,0.4650733768939972
C033,C033-G01,2,C033-G01-C5,"That's a contamination route. It needs lifting properly, not grouting over.",Yolanda_Achebe,2026-07-02 08:16:00,0.68,0.242,0.381,0.548,0.0,1.0096943408638568,1.6797741838580131,0.4430646300315857,0.6433507204055786,0.5981180667877197
C033,C033-G02,5,C033-G02-C1,Evaporation rate or brine density coming in?,Yolanda_Achebe,2026-07-02 09:03:00,0.489,0.758,0.918,0.529,0.5429754881988152,0.5191694179835841,1.4150606757854327,0.6490964889526367,0.5773066282272339,0.6419825553894043
C033,C033-G02,5,C033-G02-C2,"That's a contamination route. It needs lifting properly, not grouting over.",Yolanda_Achebe,2026-07-02 09:41:00,0.955,0.289,0.489,0.616,1.0096943408638568,1.0383388359671681,2.0552243702332853,0.6433507204055786,0.6846433281898499,0.6723558306694031
C033,C033-G02,5,C033-G02-C3,The drain by the bins backs up whenever it rains hard.,Fitzwilliam_Nde,2026-07-02 08:37:00,0.097,0.123,0.055,0.128,0.6898863310982452,0.5191694179835841,1.0810899631503517,0.5158599615097046,0.439806193113327,0.47172585129737854
C033,C033-G02,5,C033-G02-C4,Then we either go back to the old point or slow the pan to suit the new feed.,Kasimir_Tunde,2026-07-02 08:31:00,0.796,0.257,0.87,0.832,1.3844721957383248,0.815095986234227,3.471200138383141,0.5723494291305542,0.5434635281562805,0.5658671855926514
C033,C033-G02,5,C033-G02-C5,The waste contractor invoices monthly and collects fortnightly.,Placidus_Obidike,2026-07-02 09:42:00,0.067,0.212,0.106,0.163,0.5973667507650868,0.09864218941688094,1.4698967604383033,0.4932977557182312,0.43996214866638184,0.4753873646259308
C033,C033-G03,9,C033-G03-C1,The window cleaner hasn't been since the contract lapsed.,Corvin_Nkechinyere,2026-07-02 12:39:00,0.044,0.166,0.1,0.162,1.0652287888959049,0.0,1.0731945236346574,0.4014401435852051,0.4558151960372925,0.4347161650657654
C033,C033-G03,9,C033-G03-C2,We should photograph the meter reading rather than writing it down.,Barnaby_Ofori,2026-07-02 12:45:00,0.085,0.23,0.063,0.239,1.3649591566216759,0.0,2.9890644608153822,0.4607412815093994,0.5054628849029541,0.4878065884113312
C033,C033-G03,9,C033-G03-C3,"That's a contamination route. It needs lifting properly, not grouting over.",Yolanda_Achebe,2026-07-02 12:37:00,0.855,0.772,0.784,0.845,1.1126894775100789,0.0,2.427166684266754,0.6983159780502319,0.5984460115432739,0.7259249687194824
C033,C033-G03,9,C033-G03-C4,Evaporation rate or brine density coming in?,Yolanda_Achebe,2026-07-02 12:47:00,0.927,0.29,0.452,0.528,0.0,0.0,0.0,0.5933704376220703,0.41342025995254517,0.5785897374153137
C033,C033-G03,9,C033-G03-C5,Then we either go back to the old point or slow the pan to suit the new feed.,Kasimir_Tunde,2026-07-02 12:37:00,0.713,0.314,0.447,0.546,1.8199455421622344,0.0,3.985419281087176,0.580620527267456,0.42299458384513855,0.557431697845459
C034,C034-G01,10,C034-G01-C1,Ninety day terms against our margin is genuinely painful and we've never said so.,Bartek_Nwosu,2026-02-19 15:43:00,0.909,0.282,0.182,0.458,0.5108256237659907,0.5052798691050813,1.3140662292088607,0.4058356285095215,0.362013578414917,0.40968239307403564
C034,C034-G01,10,C034-G01-C2,The delivery driver has a key he shouldn't have.,Theodelinda_Obi,2026-02-19 16:19:00,0.094,0.283,0.948,0.276,0.7297508910942725,0.5754215412038602,1.8267599073887673,0.40070873498916626,0.36631566286087036,0.4145492911338806
C034,C034-G01,10,C034-G01-C3,Photographs sent and collection requested.,Bartek_Nwosu,2026-02-19 15:54:00,0.862,0.802,0.796,0.768,1.0216512475319814,0.0,2.6281324584177215,0.6422852277755737,0.46223852038383484,0.6028033494949341
C034,C034-G01,10,C034-G01-C4,The floor tape marking the walkway has worn away entirely.,Ludmila_Chukwu,2026-02-19 15:39:00,0.048,0.348,0.171,0.934,1.459501782188545,0.6814558723327975,2.0862107579596043,0.3862393796443939,0.36106663942337036,0.39931952953338623
C034,C034-G01,10,C034-G01-C5,Photographs have gone over and I've asked them for a collection rather than a credit.,Rosalind_Ifeanyi,2026-02-19 15:43:00,0.298,0.951,0.321,0.48,3.1238984895184423,1.5158396073152438,7.021318213426852,0.6701604127883911,0.49001458287239075,0.6063327789306641
C035,C035-G01,6,C035-G01-C1,Half the extension numbers on the list are wrong.,Marcellus_Dovey,2026-11-11 11:10:00,0.078,0.176,0.167,0.155,0.9898351187161067,0.7833206105354602,2.1344650937689424,0.5136443376541138,0.5121943354606628,0.496951699256897
C035,C035-G01,6,C035-G01-C2,The fire door on the corridor has been wedged with a bin.,Amadeus_Nwosu,2026-11-11 11:26:00,0.167,0.217,0.063,0.192,0.9898351187161067,0.9074882181409277,2.7141006338881355,0.34771859645843506,0.43608298897743225,0.3531920909881592
C035,C035-G01,6,C035-G01-C3,The signage still points to a department that moved floors.,Fenella_Okorie,2026-11-11 11:19:00,0.153,0.124,0.139,0.147,0.6683699750209225,0.7528106721767749,1.7766014412556692,0.4942339360713959,0.5559762716293335,0.507477879524231
C035,C035-G01,6,C035-G01-C4,Below grade. I've weighed a sample and it's about 40% stalk.,Dispenser_Nkechi,2026-11-11 11:19:00,0.79,0.822,0.82,0.813,1.121000274560408,1.1346409992090722,2.673765626506003,0.6223491430282593,0.5604665875434875,0.5727472305297852
C035,C035-G01,6,C035-G01-C5,The customer feedback cards are going straight into the bin unread.,Anastasia_Odili,2026-11-11 11:19:00,0.02,0.16,0.13,0.174,0.9898351187161067,0.2597415394492377,0.8794372560053355,0.4901590049266815,0.5216051936149597,0.4650128483772278
C035,C035-G01,6,C035-G01-C6,The new starter has no locker and has been keeping her coat behind the counter.,Sunniva_Cobb,2026-11-11 11:21:00,0.152,0.131,0.065,0.166,0.9898351187161067,0.2597415394492377,1.2300903991765784,0.33299654722213745,0.3807674050331116,0.32724201679229736
C036,C036-G01,11,C036-G01-C1,The shutters are being left half down overnight.,Venetia_Chukwunonso,2026-08-05 19:11:00,0.098,0.205,0.132,0.24,0.5399532612558053,0.0,0.9290495086282309,0.403627872467041,0.3538128137588501,0.4110625386238098
C036,C036-G01,11,C036-G01-C2,Then we put the freelance rate up and see whether the three of them come back.,Subs_Leonardo,2026-08-05 23:17:00,0.906,0.893,0.187,0.794,1.5813820975102089,0.06666666666666667,2.7097025729915445,0.6517534255981445,0.4792986512184143,0.6407631039619446
C036,C036-G01,11,C036-G01-C3,We should photograph the meter reading rather than writing it down.,Barnaby_Ofori,2026-08-05 22:20:00,0.051,0.142,0.074,0.151,0.6039481778175715,0.18181818181818182,1.0921261373262825,0.40925970673561096,0.48653021454811096,0.44046950340270996
C036,C036-G01,11,C036-G01-C4,The chiller alarm is silenced permanently with tape.,Magdalena_Obiageli,2026-08-05 16:44:00,0.081,0.18,0.063,0.222,0.13047380332715555,0.0,0.2692683878349164,0.3280121684074402,0.2981451749801636,0.33135437965393066
C036,C036-G01,11,C036-G01-C5,"Then we take one paper to the client: the rate goes up, and the five day turnaround becomes achievable.",Subs_Leonardo,2026-08-05 19:06:00,0.919,0.855,0.832,0.776,2.303976853611113,0.11764705882352941,2.25758736314269,0.48558515310287476,0.4762381911277771,0.5080112814903259
C037,C037-G01,7,C037-G01-C1,Nobody has signed the cleaning rota for a fortnight.,Wilhelmina_Crace,2026-01-29 01:20:00,0.11,0.28,0.328,0.263,1.865356646475533,0.45263029953948547,4.481203131902701,0.46977922320365906,0.38029545545578003,0.4406265318393707
C037,C037-G01,7,C037-G01-C2,"We legally cannot run without it, so that's a hard blocker rather than a worry.",Director_Isadora,2026-01-28 21:24:00,0.841,0.763,0.801,0.812,0.5108256237659907,1.8105211981579419,5.028272054107003,0.4540919363498688,0.4763542413711548,0.4512256979942322
C037,C037-G01,7,C037-G01-C3,I'll ask whether they'd swap to Wednesdays before we start looking elsewhere.,Director_Isadora,2026-01-29 02:43:00,0.98,0.266,0.906,0.411,4.641848260724622,1.3578908986184564,9.905650269835263,0.7821440100669861,0.5578778982162476,0.7212957143783569
C037,C037-G01,7,C037-G01-C4,"We can't run a single night without chaperones, so it's a blocker rather than a worry.",Cuthbert_Nwabueze,2026-01-28 21:39:00,0.347,0.947,0.279,0.437,1.5324768712979722,2.2631514976974274,6.285340067633753,0.5731056332588196,0.4299248456954956,0.5188592672348022
C037,C037-G01,7,C037-G01-C5,We only have one copy of the key for the meter cupboard.,Barnaby_Selwyn,2026-01-28 22:14:00,0.108,0.335,0.162,0.885,2.633071456759681,0.5755781676236515,6.346269225887221,0.45909038186073303,0.4266239404678345,0.44930222630500793
C038,C038-G01,10,C038-G01-C1,"Late November, after the autumn figures are in but before Christmas.",Scheme_Eirwen,2026-09-18 07:11:00,0.879,0.804,0.102,0.788,0.11882014537439631,0.1680832451345694,0.43594584067272135,0.43146032094955444,0.5056699514389038,0.4623955488204956
C038,C038-G01,10,C038-G01-C2,The spare trolley wheels don't fit any trolley we own.,Juliana_Chiamaka,2026-09-18 07:14:00,0.136,0.149,0.806,0.145,0.20952375902249834,0.1680832451345694,0.9469283654477263,0.4259336292743683,0.404147207736969,0.42960333824157715
C038,C038-G01,10,C038-G01-C3,The invoice template still has last year's VAT number on it.,Halvard_Pym,2026-09-18 07:11:00,0.138,0.154,0.153,0.183,0.6896517300451134,0.9434446514268603,2.445344985021813,0.49396079778671265,0.4973995089530945,0.5012425184249878
C038,C038-G01,10,C038-G01-C4,We're washing up in the same sink we use for the mop.,Perdita_Nwabia,2026-09-18 07:15:00,0.13,0.121,0.157,0.221,0.8184685281220935,0.3361664902691388,2.7140123178324806,0.3615591526031494,0.4005705714225769,0.3852584958076477
C039,C039-G01,7,C039-G01-C1,Give her the next wheel unsupervised and check it once it's off the machine.,Griselda_Ezenwa,2026-04-23 22:44:00,0.173,0.946,0.84,0.844,2.725256437932945,2.470441090034739,6.1220376335909625,0.6194431781768799,0.56608647108078,0.591233491897583
C039,C039-G01,7,C039-G01-C2,Nobody checked the generator this month and it's a monthly job.,Gustave_Onwuka,2026-04-24 06:57:00,0.147,0.223,0.092,0.201,1.1690515081940767,1.646960726689826,2.1934545926326003,0.4548375606536865,0.5171531438827515,0.5063844919204712
C039,C039-G01,7,C039-G01-C3,The back corridor light is on a timer that runs out too quickly.,Erasmus_Bello,2026-04-24 08:22:00,0.099,0.175,0.149,0.204,0.10244431365194187,1.693970774267965,3.71356558338689,0.4594564437866211,0.48007452487945557,0.5122600793838501
C039,C039-G01,7,C039-G01-C4,Then give her the next one unsupervised and check it afterwards.,Horologist_Ambrose,2026-04-24 09:07:00,0.83,0.785,0.866,0.822,1.1690515081940767,0.9482501153668697,2.880321960105105,0.510094165802002,0.4697517454624176,0.4748555123806
C040,C040-G01,4,C040-G01-C1,The heat. The misters are running almost continuously and still not holding it.,Keeper_Xiomara,2026-06-11 10:32:00,0.024,0.837,0.788,0.797,1.2718436874270007,1.363149815220358,2.767654969822458,0.6896329522132874,0.5875982642173767,0.6749970316886902
C040,C040-G01,4,C040-G01-C2,The visitor book hasn't been signed by anyone since Tuesday.,Wilhelmine_Azu,2026-06-11 10:34:00,0.03,0.258,0.123,0.145,0.5062468605598585,0.17629503850509776,1.400129179221055,0.44792675971984863,0.39891430735588074,0.4506027102470398
C040,C040-G01,4,C040-G01-C3,The lift has been out for six days and the sign says two.,Leopold_Nnaji,2026-06-11 10:20:00,0.851,0.206,0.119,0.19,1.455170430426619,2.095175689776327,4.607981380269597,0.5002016425132751,0.541638195514679,0.514557957649231
C040,C040-G01,4,C040-G01-C4,The corridor lights are on a sensor that doesn't see anybody.,Fortunata_Ijeoma,2026-06-11 10:23:00,0.102,0.126,0.156,0.236,0.6716769995627774,0.5732084434293724,1.8465172275040775,0.4290778338909149,0.4077448546886444,0.4322985112667084
C040,C040-G01,4,C040-G01-C5,"A third of the pupae died in customs over those two days, which is a real loss.",Keeper_Xiomara,2026-06-11 10:31:00,0.829,0.837,0.219,0.755,0.6734899182747153,4.3682436550997,9.99495924760007,0.5326947569847107,0.7532196044921875,0.6163015365600586
C041,C041-G01,2,C041-G01-C1,Move them to the top field? It's rougher but it drains.,Thaddeus_Nwoko,2026-05-14 07:52:00,0.867,0.775,0.821,0.185,0.2727272727272727,0.661762286124555,1.8018183666803935,0.5824506282806396,0.49123531579971313,0.6067980527877808
C041,C041-G01,2,C041-G01-C2,The staff notice about the shift change never went up.,Ulric_Nnenna,2026-05-14 07:58:00,0.104,0.131,0.161,0.876,0.1111111111111111,0.7886286311328894,1.2826240312635768,0.30386078357696533,0.36041322350502014,0.4100658893585205
C041,C041-G01,2,C041-G01-C3,Plumber is coming Thursday. I've asked for all four to be done at once.,Oleander_Mbeki,2026-05-14 08:04:00,0.776,0.242,0.437,0.825,0.13333333333333333,0.9372947225064051,1.627995888953579,0.4931461215019226,0.4392632842063904,0.4971999228000641
C041,C041-G01,2,C041-G01-C4,Put it in the booking confirmation so nobody can say they weren't told.,Oleander_Mbeki,2026-05-14 07:59:00,0.495,0.315,0.434,0.53,0.14285714285714285,0.661762286124555,1.0906985375343554,0.3736569881439209,0.42222630977630615,0.4735594689846039
C041,C041-G01,2,C041-G01-C5,The staff entrance door closer has failed and it slams.,Evangeline_Nwadike,2026-05-14 07:51:00,0.128,0.194,0.103,0.146,0.3,0.661762286124555,0.987820422203604,0.3137507140636444,0.4251994490623474,0.43003249168395996
C041,C041-G02,9,C041-G02-C1,The staff entrance door closer has failed and it slams.,Evangeline_Nwadike,2026-05-14 15:15:00,0.062,0.216,0.112,0.137,0.6181363327865185,0.0,1.816296661731875,0.4389929175376892,0.4580956697463989,0.4652208387851715
C041,C041-G02,9,C041-G02-C2,Plumber is coming Thursday. I've asked for all four to be done at once.,Oleander_Mbeki,2026-05-14 16:58:00,0.458,0.255,0.414,0.856,0.5243078249797558,0.0,1.141415364849984,0.5375641584396362,0.4577283561229706,0.534220814704895
C041,C041-G02,9,C041-G02-C3,Move them to the top field? It's rougher but it drains.,Thaddeus_Nwoko,2026-05-14 15:06:00,0.714,0.828,0.462,0.634,0.6181363327865185,0.0,4.484355077068713,0.48466745018959045,0.6117789149284363,0.556172788143158
C041,C041-G02,9,C041-G02-C4,Put it in the booking confirmation so nobody can say they weren't told.,Oleander_Mbeki,2026-05-14 16:26:00,0.817,0.286,0.782,0.808,0.6181363327865185,0.0,1.816296661731875,0.5276699066162109,0.4747025966644287,0.5195907354354858
C041,C041-G02,9,C041-G02-C5,The stock system says forty and the shelf says four.,Thomasin_Adigun,2026-05-14 16:03:00,0.052,0.211,0.18,0.217,0.7119648405932812,0.0,1.6543515416045746,0.45376262068748474,0.4645078480243683,0.4561481177806854
C041,C041-G03,11,C041-G03-C1,The window display has been the same since before Easter.,Dorian_Achuka,2026-05-15 03:38:00,0.111,0.148,0.105,0.18,0.22566119377803534,0.0,0.22566119377803534,0.4858335256576538,0.0,0.4858335256576538
C041,C041-G03,11,C041-G03-C2,Put it in the booking confirmation so nobody can say they weren't told.,Oleander_Mbeki,2026-05-14 22:30:00,0.705,0.311,0.45,0.568,0.8551393427057536,0.0,0.8551393427057536,0.5118853449821472,0.0,0.5118853449821472
C041,C041-G03,11,C041-G03-C3,The forklift keys live in the ignition overnight.,Ulrike_Nwafor,2026-05-14 21:50:00,0.129,0.236,0.164,0.107,0.22566119377803534,0.0,0.22566119377803534,0.42705583572387695,0.0,0.42705583572387695
C041,C041-G03,11,C041-G03-C4,Plumber is coming Thursday. I've asked for all four to be done at once.,Oleander_Mbeki,2026-05-14 18:46:00,0.875,0.811,0.814,0.794,0.5048471704319284,0.0,0.5048471704319284,0.5319207906723022,0.0,0.5319207906723022
C041,C041-G03,11,C041-G03-C5,Move them to the top field? It's rougher but it drains.,Thaddeus_Nwoko,2026-05-15 02:10:00,0.944,0.298,0.446,0.574,2.120665708552345,0.0,2.120665708552345,0.5740904808044434,0.0,0.5740904808044434
C042,C042-G01,2,C042-G01-C1,The temperature probe reads three degrees out against the calibrated one.,Xenophon_Ifeanyi,2026-03-25 08:25:00,0.103,0.179,0.169,0.215,0.1,0.8124540530188962,1.4973328071248737,0.2975943982601166,0.479423463344574,0.4295905828475952
C042,C042-G01,2,C042-G01-C2,Restricted for how long? That changes whether we reroute or just absorb it.,Anselm_Chukwuma,2026-03-25 08:29:00,0.822,0.798,0.803,0.791,0.15384615384615385,0.0,1.4445734013158882,0.5619786381721497,0.5192773342132568,0.5921874046325684
C042,C042-G01,2,C042-G01-C3,"Then reroute the aggregate runs and keep the timber on this line, it's less time critical.",Fenella_Adebowale,2026-03-25 08:30:00,0.481,0.344,0.804,0.528,0.1875,0.7022675135517983,0.460969872240291,0.48572778701782227,0.5605531334877014,0.5993574857711792
C042,C042-G01,2,C042-G01-C4,That puts us over the draught for the shallow section above the junction.,Skipper_Wilhelmina,2026-03-25 08:30:00,0.716,0.319,0.406,0.542,0.18181818181818182,0.29970730699746456,1.3773491506836208,0.5017887353897095,0.517311155796051,0.5536066293716431
C042,C042-G01,2,C042-G01-C5,Two people have the same phone extension listed.,Cassius_Bramwell,2026-03-25 08:26:00,0.127,0.247,0.146,0.246,0.125,0.09990243566582152,0.2304849361201455,0.36090901494026184,0.4798685908317566,0.45623937249183655
C042,C042-G02,7,C042-G02-C1,That puts us over the draught for the shallow section above the junction.,Skipper_Wilhelmina,2026-03-25 15:08:00,0.471,0.282,0.465,0.908,0.9363717995075641,1.6840405179098596,2.527494268978063,0.49033859372138977,0.4978545904159546,0.4783032238483429
C042,C042-G02,7,C042-G02-C2,The staff rota is being changed after publication without telling people.,Dulcinea_Chukwuma,2026-03-25 15:45:00,0.056,0.162,0.143,0.207,0.6346949933645023,0.5613468393032865,1.6603443872612085,0.4914415180683136,0.5013043880462646,0.4980342984199524
C042,C042-G02,7,C042-G02-C3,Restricted for how long? That changes whether we reroute or just absorb it.,Anselm_Chukwuma,2026-03-25 14:27:00,0.551,0.233,0.946,0.483,0.48542545462845527,1.0806123774434822,2.4964389214729903,0.49765533208847046,0.5430816411972046,0.5228896141052246
C042,C042-G02,7,C042-G02-C4,"Then reroute the aggregate runs and keep the timber on this line, it's less time critical.",Fenella_Adebowale,2026-03-25 11:02:00,0.852,0.882,0.769,0.771,1.238836939981003,1.6652775473471675,4.00996246226241,0.6451254487037659,0.5916083455085754,0.6235143542289734
C042,C042-G02,7,C042-G02-C5,The temperature probe reads three degrees out against the calibrated one.,Xenophon_Ifeanyi,2026-03-25 14:22:00,0.075,0.14,0.074,0.228,0.28009585972752443,1.122693678606573,0.8007200570954838,0.45003262162208557,0.4779786169528961,0.4607369899749756
C042,C042-G03,9,C042-G03-C1,The chiller curtains are missing from two of the cabinets.,Fulbert_Chinonso,2026-03-25 17:09:00,0.068,0.202,0.051,0.121,1.5111757241228365,0.0,1.0666138724933103,0.39466583728790283,0.46192821860313416,0.43608784675598145
C042,C042-G03,9,C042-G03-C2,That puts us over the draught for the shallow section above the junction.,Skipper_Wilhelmina,2026-03-25 17:18:00,0.896,0.766,0.844,0.784,2.803273179860267,0.0,2.606191024614922,0.4978503882884979,0.46872013807296753,0.49341872334480286
C042,C042-G03,9,C042-G03-C3,The card machine battery doesn't hold charge past midday.,Jocelyn_Oparah,2026-03-25 17:17:00,0.087,0.158,0.125,0.169,0.7555878620614183,0.0,0.4912003454324277,0.4793946146965027,0.5214785933494568,0.4911044239997864
C042,C042-G03,9,C042-G03-C4,"Then reroute the aggregate runs and keep the timber on this line, it's less time critical.",Fenella_Adebowale,2026-03-25 17:07:00,0.702,0.309,0.42,0.552,2.047685317798849,0.0,3.6380666763267384,0.6191493272781372,0.4867751896381378,0.5657713413238525
C042,C042-G03,9,C042-G03-C5,Restricted for how long? That changes whether we reroute or just absorb it.,Anselm_Chukwuma,2026-03-25 18:03:00,0.774,0.318,0.478,0.628,1.0905944489396375,0.0,1.6123984763062413,0.5467140674591064,0.4689154326915741,0.5264367461204529
C043,C043-G01,6,C043-G01-C1,"Flakes rather than a fine suspension, and one or two of them are large.",Fitter_Berengar,2026-04-02 13:04:00,0.889,0.223,0.718,0.885,3.6504476129913024,1.1819753069390564,6.807327072105036,0.5373036861419678,0.4847160279750824,0.5091322660446167
C043,C043-G01,6,C043-G01-C2,The staff microwave has a door that doesn't latch properly.,Petra_Nwaeze,2026-04-02 12:13:00,0.023,0.128,0.185,0.168,1.3902882956105316,1.133878089116934,2.7527884519763637,0.3786022663116455,0.4052128791809082,0.3750283718109131
C043,C043-G01,6,C043-G01-C3,The delivery was signed for as complete and it was two boxes short.,Ronan_Adebisi,2026-04-02 12:46:00,0.078,0.154,0.08,0.177,0.7404181100776119,1.0216512475319814,1.97598916129045,0.4553473889827728,0.4467998147010803,0.4430384635925293
C043,C043-G01,6,C043-G01-C4,Two of the strip lights buzz loudly whenever the compressor runs.,Aurelia_Mbanefo,2026-04-02 11:53:00,0.136,0.242,0.133,0.182,0.46342943187017716,0.33668052475485744,0.8548761765737548,0.36701494455337524,0.38401028513908386,0.3830109238624573
C043,C043-G01,6,C043-G01-C5,"Flakes, and some of them are sizeable.",Fitter_Berengar,2026-04-02 13:05:00,0.779,0.841,0.747,0.806,1.0429850322832293,0.6711496831730657,1.845544889029222,0.5205847024917603,0.5004743933677673,0.512486457824707
C044,C044-G01,4,C044-G01-C1,The training records spreadsheet has two versions and they disagree.,Lucian_Obasi,2026-06-08 11:49:00,0.051,0.184,0.109,0.21,0.6737019135532365,0.6164669979468309,1.5827108908564456,0.4567161500453949,0.472137451171875,0.4817884564399719
C044,C044-G01,4,C044-G01-C2,No. That's the honest answer and it's why it's still there.,Rosalind_Tembe,2026-06-08 08:39:00,0.893,0.901,0.802,0.222,2.2903697711152327,1.6442447937560771,5.2167956284237915,0.44756799936294556,0.4233115315437317,0.44080686569213867
C044,C044-G01,4,C044-G01-C3,The delivery driver has nowhere to wait out of the rain.,Valerian_Okafor,2026-06-08 12:34:00,0.074,0.211,0.114,0.138,0.7832694648087289,0.9564924342869037,1.6808381167088915,0.3556320369243622,0.36110976338386536,0.34749171137809753
C044,C044-G01,4,C044-G01-C4,The delivery bay is being used as overflow storage and the lorry can't turn.,Fabian_Otieno,2026-06-08 14:11:00,0.114,0.239,0.082,0.749,0.37060556117345633,0.7272798351354257,0.789387477420891,0.46671995520591736,0.448268324136734,0.45030152797698975
C044,C044-G01,4,C044-G01-C5,The drain by the bins backs up whenever it rains hard.,Fitzwilliam_Nde,2026-06-08 09:10:00,0.127,0.185,0.118,0.187,0.2948703318422208,0.6810270068040811,0.789387477420891,0.4422917664051056,0.44508183002471924,0.45164692401885986
C045,C045-G01,6,C045-G01-C1,"Relieve that area and recheck under load, not just standing still.",Guadalupe_Okri,2026-09-30 16:53:00,0.781,0.313,0.44,0.666,0.46864736125320255,0.0,1.2003785539785103,0.527776300907135,0.559662938117981,0.5659574270248413
C045,C045-G01,6,C045-G01-C2,That'll be why the last two sockets had thin patches on one side.,Absalom_Nwaneri,2026-09-30 18:24:00,0.885,0.745,0.836,0.821,0.16484323097740797,0.5522439175848549,1.2440875505495417,0.5431514978408813,0.546236515045166,0.5853816270828247
C045,C045-G01,6,C045-G01-C3,"I'd rather run two shorter clinics a week than one long one, it moves more people.",Absalom_Nwaneri,2026-09-30 16:34:00,0.514,0.329,0.48,0.856,0.6856719782093835,1.2030759583299604,2.4881751010990834,0.3898965120315552,0.4927775263786316,0.4732671082019806
C045,C045-G01,6,C045-G01-C4,We're out of the blue folders and everything is going into green ones.,Bronwen_Adeoye,2026-09-30 15:57:00,0.117,0.222,0.138,0.137,0.710763744925795,0.644284570515664,1.2003785539785103,0.42188531160354614,0.41125574707984924,0.4301871955394745
C045,C045-G01,6,C045-G01-C5,The bin store light has been out since the clocks changed.,Montague_Ezeh,2026-09-30 17:41:00,0.091,0.155,0.177,0.164,0.46864736125320255,1.1044878351697098,1.2003785539785103,0.3988829255104065,0.42426443099975586,0.4484943747520447
C045,C045-G02,10,C045-G02-C1,That'll be why the last two sockets had thin patches on one side.,Absalom_Nwaneri,2026-10-01 07:00:00,0.682,0.326,0.499,0.579,0.5583618339539632,0.07142857142857142,0.8398870919290066,0.4771677851676941,0.3804689645767212,0.47770461440086365
C045,C045-G02,10,C045-G02-C2,"Relieve that area and recheck under load, not just standing still.",Guadalupe_Okri,2026-09-30 22:17:00,0.931,0.314,0.452,0.64,0.4815426262252651,0.0,0.8114965423426739,0.5101556181907654,0.4454739987850189,0.4939142167568207
C045,C045-G02,10,C045-G02-C3,The lift has been out for six days and the sign says two.,Leopold_Nnaji,2026-10-01 06:07:00,0.081,0.146,0.072,0.227,1.2112849462388395,0.08333333333333333,0.8114965423426739,0.4884794354438782,0.4071741998195648,0.4939442574977875
C045,C045-G02,10,C045-G02-C4,We're out of the blue folders and everything is going into green ones.,Bronwen_Adeoye,2026-10-01 04:31:00,0.127,0.191,0.138,0.161,0.6529231122848763,0.14285714285714285,0.8114965423426739,0.3715612292289734,0.30592861771583557,0.3627918064594269
C045,C045-G02,10,C045-G02-C5,"I'd rather run two shorter clinics a week than one long one, it moves more people.",Absalom_Nwaneri,2026-10-01 08:21:00,0.849,0.831,0.791,0.786,1.7440095581372774,0.125,1.7813338734351378,0.4782868027687073,0.28280195593833923,0.45306211709976196
C045,C045-G02,10,C045-G02-C6,The training records spreadsheet has two versions and they disagree.,Lucian_Obasi,2026-09-30 21:43:00,0.066,0.189,0.109,0.232,0.5583618339539632,0.1,0.8114965423426739,0.427646279335022,0.36810845136642456,0.4299111068248749
C045,C045-G03,12,C045-G03-C1,That'll be why the last two sockets had thin patches on one side.,Absalom_Nwaneri,2026-10-01 11:52:00,0.514,0.98,0.41,0.601,0.0,0.0,0.0,0.47718071937561035,0.0,0.47718071937561035
C045,C045-G03,12,C045-G03-C2,The visitor book hasn't been signed by anyone since Tuesday.,Wilhelmine_Azu,2026-10-02 01:47:00,0.131,0.146,0.163,0.193,0.0,0.0,0.0,0.31271055340766907,0.0,0.31271055340766907
C045,C045-G03,12,C045-G03-C3,"Relieve that area and recheck under load, not just standing still.",Guadalupe_Okri,2026-10-01 08:49:00,0.814,0.801,0.81,0.787,0.0,0.0,0.0,0.5627177953720093,0.0,0.5627177953720093
C045,C045-G03,12,C045-G03-C4,Somebody keeps unplugging the water cooler to charge a phone.,Delphine_Oyo,2026-10-01 09:29:00,0.105,0.208,0.088,0.221,0.0,0.0,0.0,0.38125813007354736,0.0,0.38125813007354736
C045,C045-G03,12,C045-G03-C5,The stockroom ladder is stored across the fire exit.,Jasper_Chukwuka,2026-10-02 06:39:00,0.115,0.204,0.072,0.168,0.0,0.0,0.0,0.3660036623477936,0.0,0.3660036623477936
C045,C045-G03,12,C045-G03-C6,"I'd rather run two shorter clinics a week than one long one, it moves more people.",Absalom_Nwaneri,2026-10-01 10:50:00,0.695,0.33,0.426,0.565,0.0,0.0,0.0,0.48568373918533325,0.0,0.48568373918533325
C046,C046-G01,2,C046-G01-C1,Wrong by a digit or completely different?,Nkiruka_Sandoval,2026-02-04 08:04:00,0.711,0.266,0.38,0.628,0.0,0.5528267014006514,0.9114543783924962,0.46516042947769165,0.5495736598968506,0.5574252605438232
C046,C046-G01,2,C046-G01-C2,Two people have the same phone extension listed.,Cassius_Bramwell,2026-02-04 07:55:00,0.071,0.147,0.117,0.177,0.125,0.615196973653718,1.0421129117101617,0.4432597756385803,0.5158629417419434,0.5071111917495728
C046,C046-G01,2,C046-G01-C3,The projector remote has been missing for three weeks.,Ferdinand_Ochi,2026-02-04 08:32:00,0.066,0.154,0.09,0.23,0.3333333333333333,0.5316284772225243,2.2837819382761113,0.4303324818611145,0.39738863706588745,0.4163099527359009
C046,C046-G01,2,C046-G01-C4,The staff entrance door closer has failed and it slams.,Evangeline_Nwadike,2026-02-04 07:52:00,0.03,0.185,0.081,0.177,0.2,0.5316284772225243,1.246274354128515,0.38272637128829956,0.3511847257614136,0.35325831174850464
C046,C046-G01,2,C046-G01-C5,That'll show up as pitting eventually. Get the thermostat replaced rather than watched.,Nkiruka_Sandoval,2026-02-04 07:40:00,0.876,0.835,0.825,0.731,0.07142857142857142,0.11202503172295776,0.26685839293213115,0.6748698949813843,0.5138462781906128,0.5920189619064331
C046,C046-G01,2,C046-G01-C6,Same place every time. I'll pull it and inspect under the light.,Plant_Aurelien,2026-02-04 08:27:00,0.731,0.323,0.453,0.639,0.07692307692307693,2.0600439907476686,3.301955206259428,0.4834807813167572,0.482317179441452,0.5057109594345093
C046,C046-G02,10,C046-G02-C1,That'll show up as pitting eventually. Get the thermostat replaced rather than watched.,Nkiruka_Sandoval,2026-02-04 13:29:00,0.765,0.357,0.429,0.58,0.9206088164573899,0.14285714285714285,0.7727798075192738,0.5213747024536133,0.5144844651222229,0.524635910987854
C046,C046-G02,10,C046-G02-C2,Two people have the same phone extension listed.,Cassius_Bramwell,2026-02-04 13:32:00,0.076,0.164,0.042,0.197,0.559996004663252,0.125,0.0,0.5916482210159302,0.4623239040374756,0.578825056552887
C046,C046-G02,10,C046-G02-C3,Wrong by a digit or completely different?,Nkiruka_Sandoval,2026-02-04 13:40:00,0.816,0.8,0.798,0.81,0.6246312515450889,0.0,0.8754369037210961,0.640192449092865,0.5447723865509033,0.6607407927513123
C046,C046-G02,10,C046-G02-C4,The delivery driver has nowhere to wait out of the rain.,Valerian_Okafor,2026-02-04 13:36:00,0.135,0.188,0.089,0.195,1.119992009326504,0.2,0.8209114218284327,0.412730872631073,0.4057701528072357,0.41334453225135803
C046,C046-G02,10,C046-G02-C5,Same place every time. I'll pull it and inspect under the light.,Plant_Aurelien,2026-02-04 13:38:00,0.515,0.916,0.414,0.578,1.4711080073795453,0.15384615384615385,2.4839350955976656,0.4815720319747925,0.4648973345756531,0.4836326241493225
C046,C046-G03,12,C046-G03-C1,Same place every time. I'll pull it and inspect under the light.,Plant_Aurelien,2026-02-06 08:05:00,0.859,0.824,0.5,0.783,0.0,0.0,0.0,0.4951917827129364,0.0,0.4951917827129364
C046,C046-G03,12,C046-G03-C2,Wrong by a digit or completely different?,Nkiruka_Sandoval,2026-02-06 04:27:00,0.712,0.297,0.738,0.581,0.0,0.0,0.0,0.6796882152557373,0.0,0.6796882152557373
C046,C046-G03,12,C046-G03-C3,That'll show up as pitting eventually. Get the thermostat replaced rather than watched.,Nkiruka_Sandoval,2026-02-05 12:27:00,0.552,0.339,0.051,0.883,0.0,0.0,0.0,0.5614428520202637,0.0,0.5614428520202637
C046,C046-G03,12,C046-G03-C4,The signage still points to a department that moved floors.,Fenella_Okorie,2026-02-05 17:52:00,0.125,0.158,0.121,0.126,0.0,0.0,0.0,0.5023722648620605,0.0,0.5023722648620605
C046,C046-G03,12,C046-G03-C5,Somebody has written on the whiteboard in permanent marker.,Griselda_Ashby,2026-02-05 22:22:00,0.098,0.187,0.403,0.155,0.0,0.0,0.0,0.44515740871429443,0.0,0.44515740871429443
C047,C047-G01,2,C047-G01-C1,"Some of them have been going two years, so that's overdue rather than optional.",Ignatius_Oyelaran,2026-10-21 12:14:00,0.666,0.359,0.426,0.861,0.13333333333333333,0.9052605990789708,1.6785247392286016,0.3928278088569641,0.4984229803085327,0.4698393940925598
C047,C047-G01,2,C047-G01-C2,"Did any of them say why, or did they just stop coming?",Ignatius_Oyelaran,2026-10-21 10:25:00,0.859,0.782,0.785,0.522,0.09090909090909091,1.0486156499595116,1.744709723469817,0.5119112730026245,0.3855799436569214,0.49967482686042786
C047,C047-G01,2,C047-G01-C3,"That's a printer setting and a bit of paper, so there's no excuse for it continuing.",Marisol_Nwadike,2026-10-21 11:54:00,0.693,0.243,0.423,0.535,0.125,1.1387832376948837,1.5070198462894446,0.3129931390285492,0.36204850673675537,0.35989242792129517
C047,C047-G01,2,C047-G01-C4,The blinds in the south office don't close properly.,Morwenna_Ekong,2026-10-21 11:20:00,0.077,0.161,0.119,0.195,0.2222222222222222,0.7705736215611563,1.2781013090534707,0.3823677599430084,0.3882223963737488,0.4236178994178772
C047,C047-G02,4,C047-G02-C1,The blinds in the south office don't close properly.,Morwenna_Ekong,2026-10-21 13:33:00,0.053,0.181,0.156,0.132,0.7993805798482558,0.2394639575663196,2.0055018530162583,0.44625306129455566,0.4014414846897125,0.4454115033149719
C047,C047-G02,4,C047-G02-C2,"Some of them have been going two years, so that's overdue rather than optional.",Ignatius_Oyelaran,2026-10-21 14:38:00,0.789,0.838,0.786,0.616,1.0464352400597112,0.6013677411555238,2.6461975236868858,0.4653899669647217,0.5134380459785461,0.5041523575782776
C047,C047-G02,4,C047-G02-C3,"That's a printer setting and a bit of paper, so there's no excuse for it continuing.",Marisol_Nwadike,2026-10-21 14:25:00,0.584,0.937,0.385,0.781,1.5696528600895667,1.1631106510364098,2.5202202789557013,0.3773043155670166,0.46766334772109985,0.44558286666870117
C047,C047-G02,4,C047-G02-C4,I know. I'll propose a portfolio approach and see whether they'll accept it.,Ignatius_Oyelaran,2026-10-21 13:37:00,0.761,0.273,0.426,0.531,2.3586116285671506,0.5815553255182049,4.768010950936738,0.46672195196151733,0.4353410601615906,0.4767151474952698
C047,C047-G03,8,C047-G03-C1,"Did any of them say why, or did they just stop coming?",Ignatius_Oyelaran,2026-10-21 21:53:00,0.724,0.261,0.393,0.569,0.5331432481052816,0.0,1.1350975676275672,0.5271914005279541,0.5008519887924194,0.5056401491165161
C047,C047-G03,8,C047-G03-C2,I know. I'll propose a portfolio approach and see whether they'll accept it.,Ignatius_Oyelaran,2026-10-21 21:33:00,0.943,0.306,0.53,0.536,0.5997822616526971,0.0,1.0643994492286186,0.4121862053871155,0.5815168619155884,0.478509783744812
C047,C047-G03,8,C047-G03-C3,Somebody has moved the defibrillator and not told anyone.,Octavia_Belfour,2026-10-22 00:21:00,0.059,0.234,0.104,0.228,0.5997822616526971,0.0,0.6519877249407587,0.43050527572631836,0.44991740584373474,0.4200202524662018
C047,C047-G03,8,C047-G03-C4,"That's a printer setting and a bit of paper, so there's no excuse for it continuing.",Marisol_Nwadike,2026-10-21 20:58:00,0.841,0.879,0.74,0.855,1.0007062333456764,0.0,3.4052927028827016,0.5140892267227173,0.5299611687660217,0.527916431427002
C047,C047-G03,8,C047-G03-C5,The forklift charger cable has exposed wire near the plug.,Roderick_Mbogo,2026-10-22 00:20:00,0.089,0.207,0.097,0.113,1.0007062333456764,0.0,0.6952931826859013,0.37307435274124146,0.4210399389266968,0.3716111183166504
C047,C047-G04,11,C047-G04-C1,"Did any of them say why, or did they just stop coming?",Ignatius_Oyelaran,2026-10-22 13:03:00,0.094,0.306,0.469,0.621,0.0,0.0,0.0,0.5008519887924194,0.0,0.5008519887924194
C047,C047-G04,11,C047-G04-C2,"Some of them have been going two years, so that's overdue rather than optional.",Ignatius_Oyelaran,2026-10-22 13:19:00,0.141,0.256,0.436,0.64,0.0,0.0,0.0,0.5131000280380249,0.0,0.5131000280380249
C047,C047-G04,11,C047-G04-C3,I know. I'll propose a portfolio approach and see whether they'll accept it.,Ignatius_Oyelaran,2026-10-22 13:17:00,0.693,0.82,0.77,0.793,0.0,0.0,0.0,0.5815168619155884,0.0,0.5815168619155884
C047,C047-G04,11,C047-G04-C4,Can we get a second kettle? Twelve people and one kettle is a bottleneck.,Anouk_Stellar,2026-10-22 13:27:00,0.87,0.155,0.187,0.154,0.0,0.0,0.0,0.5604757070541382,0.0,0.5604757070541382
C047,C047-G04,11,C047-G04-C5,Our opening hours on the door and online don't match.,Rosalie_Nkemdi,2026-10-22 13:30:00,0.807,0.212,0.113,0.207,0.0,0.0,0.0,0.47916167974472046,0.0,0.47916167974472046
C048,C048-G01,2,C048-G01-C1,The stock rotation is not happening at all on the top shelf.,Nikolai_Adaeze,2026-07-27 06:47:00,0.044,0.22,0.067,0.171,0.09090909090909091,0.4567382047790035,0.7821211018958804,0.3140885829925537,0.5031874179840088,0.4779517650604248
C048,C048-G01,2,C048-G01-C2,Then we delay half the shipment rather than shortcutting quarantine.,Rurik_Nwaozuzu,2026-07-27 07:11:00,0.733,0.352,0.41,0.643,0.1,1.1248796911857586,1.9466423907529178,0.36235976219177246,0.5700583457946777,0.5207204818725586
C048,C048-G01,2,C048-G01-C3,"They can go on display, which frees one system but not two.",Valentina_Achebe,2026-07-27 06:46:00,0.584,0.863,0.421,0.504,0.08333333333333333,0.5232176200298556,0.7821211018958804,0.36850491166114807,0.47407713532447815,0.4636436402797699
C048,C048-G01,2,C048-G01-C4,We're double handling every pallet because of where they get dropped.,Percival_Nsofor,2026-07-27 06:27:00,0.058,0.186,0.136,0.182,0.0,0.0,0.0,0.3477404713630676,0.4869453012943268,0.4537755250930786
C048,C048-G01,2,C048-G01-C5,"Feeding, stocking or has the skimmer stopped performing?",Valentina_Achebe,2026-07-27 07:49:00,0.852,0.859,0.822,0.773,0.25,0.6488855476710466,1.134353672635549,0.45846807956695557,0.7334360480308533,0.7301821112632751
C048,C048-G02,7,C048-G02-C1,Our answerphone message still names someone who left in January.,Kasimir_Nwude,2026-07-27 11:03:00,0.058,0.173,0.185,0.186,0.0,0.0,0.0,0.44429320096969604,0.42333322763442993,0.4849870204925537
C048,C048-G02,7,C048-G02-C2,"They can go on display, which frees one system but not two.",Valentina_Achebe,2026-07-27 10:54:00,0.88,0.805,0.771,0.834,0.9503732535181223,0.6287394247783502,2.332269522752243,0.46553319692611694,0.4838397204875946,0.48054397106170654
C048,C048-G02,7,C048-G02-C3,We're double handling every pallet because of where they get dropped.,Percival_Nsofor,2026-07-27 11:34:00,0.052,0.199,0.136,0.151,0.0,0.5686030282493971,1.489340631937168,0.4196605980396271,0.3588343858718872,0.41448062658309937
C048,C048-G02,7,C048-G02-C4,Then we delay half the shipment rather than shortcutting quarantine.,Rurik_Nwaozuzu,2026-07-27 11:59:00,0.494,0.272,0.873,0.525,1.131293419849793,0.15703818813657194,2.8018136037452144,0.5459737181663513,0.38047879934310913,0.49728721380233765
C048,C048-G02,7,C048-G02-C5,Somebody has been taking the good pens and I have a suspect.,Quintus_Ibekwe,2026-07-27 12:35:00,0.12,0.169,0.167,0.237,1.131293419849793,0.6011823109526282,2.5991372010630416,0.4681856334209442,0.49311143159866333,0.5134469270706177
C048,C048-G02,7,C048-G02-C6,"Feeding, stocking or has the skimmer stopped performing?",Valentina_Achebe,2026-07-27 11:36:00,0.757,0.314,0.369,0.589,0.11853207818141794,0.6011823109526282,1.6133721091549875,0.6408283710479736,0.6155378818511963,0.6874617338180542
C048,C048-G03,12,C048-G03-C1,The card machine and the till are on the same overloaded socket.,Kunigunde_Nwabueze,2026-07-27 18:21:00,0.087,0.191,0.178,0.175,0.0,0.0,0.0,0.49584242701530457,0.0,0.49584242701530457
C048,C048-G03,12,C048-G03-C2,"They can go on display, which frees one system but not two.",Valentina_Achebe,2026-07-28 03:26:00,0.516,0.289,0.808,0.493,0.0,0.0,0.0,0.44254398345947266,0.0,0.44254398345947266
C048,C048-G03,12,C048-G03-C3,Then we delay half the shipment rather than shortcutting quarantine.,Rurik_Nwaozuzu,2026-07-27 18:18:00,0.785,0.798,0.809,0.829,0.0,0.0,0.0,0.3544386029243469,0.0,0.3544386029243469
C048,C048-G03,12,C048-G03-C4,"Feeding, stocking or has the skimmer stopped performing?",Valentina_Achebe,2026-07-28 01:18:00,0.968,0.318,0.493,0.601,0.0,0.0,0.0,0.5250427722930908,0.0,0.5250427722930908
C048,C048-G03,12,C048-G03-C5,The staff notice about the shift change never went up.,Ulric_Nnenna,2026-07-28 01:35:00,0.072,0.234,0.113,0.116,0.0,0.0,0.0,0.46588122844696045,0.0,0.46588122844696045
C048,C048-G03,12,C048-G03-C6,The shutters are being left half down overnight.,Venetia_Chukwunonso,2026-07-27 22:23:00,0.039,0.155,0.147,0.22,0.0,0.0,0.0,0.4629518985748291,0.0,0.4629518985748291
C049,C049-G01,11,C049-G01-C1,It'll be out for two days and we're already running a unit short.,Chinwendu_Roos,2026-01-20 09:14:00,0.22,0.893,0.814,0.799,1.0697918822324413,0.0,3.926820651487073,0.559454083442688,0.5437988042831421,0.5863908529281616
C049,C049-G01,11,C049-G01-C2,Agreed. It'll be out for two days and we're already one unit short.,Depot_Ingvar,2026-01-20 15:44:00,0.856,0.795,0.768,0.773,1.0697918822324413,0.0,3.5630668821668428,0.5766267776489258,0.5032910108566284,0.5800634622573853
C049,C049-G01,11,C049-G01-C3,The shop radio licence expired and nobody renewed it.,Ariadne_Mbadiwe,2026-01-20 15:54:00,0.075,0.17,0.149,0.222,0.6616493356019686,0.0,1.4979795400814417,0.4405170679092407,0.3920605182647705,0.472614049911499
C049,C049-G01,11,C049-G01-C4,Two of the trolleys' brakes don't hold on the slope.,Winifred_Obiora,2026-01-20 13:21:00,0.073,0.226,0.033,0.171,0.2535067889714959,0.0,2.89331205644252,0.4235576391220093,0.5415162444114685,0.49215638637542725
C049,C049-G01,11,C049-G01-C5,The water in the upstairs sink runs brown for the first minute.,Adelaide_Nkolika,2026-01-20 13:30:00,0.103,0.136,0.053,0.124,0.4701820942049866,0.0,1.3072831117850345,0.36174413561820984,0.41559547185897827,0.386246919631958
C050,C050-G01,7,C050-G01-C1,The photocopier is jamming on anything heavier than eighty gram paper.,Caspian_Mbatha,2026-08-18 16:30:00,0.153,0.202,0.134,0.156,0.16626660782840008,0.6142951341699371,1.721137044633086,0.4973970651626587,0.4753570556640625,0.4972521960735321
C050,C050-G01,7,C050-G01-C2,"Belt, it's glazed. New one is thirty pounds and two hours.",Cornelia_Nwafor,2026-08-18 13:37:00,0.861,0.836,0.738,0.813,0.7207584653762868,0.4619167874479703,2.601411466351604,0.597672700881958,0.5282552242279053,0.6080624461174011
C050,C050-G01,7,C050-G01-C3,The temperature probe reads three degrees out against the calibrated one.,Xenophon_Ifeanyi,2026-08-18 19:25:00,0.103,0.212,0.139,0.11,0.2205913410792635,0.21067529364439203,0.8375760368353807,0.4465358853340149,0.4419180750846863,0.46497660875320435
C050,C050-G01,7,C050-G01-C4,The card reader by the door beeps but doesn't unlock.,Orinthia_Balu,2026-08-18 17:28:00,0.11,0.166,0.068,0.206,0.2205913410792635,0.21067529364439203,0.8375760368353807,0.4796221852302551,0.4544702470302582,0.5018332004547119
C050,C050-G01,7,C050-G01-C5,We only have one copy of the key for the meter cupboard.,Barnaby_Selwyn,2026-08-18 15:46:00,0.168,0.181,0.09,0.213,0.7372291400840582,0.21067529364439203,2.0416375374294486,0.4168436825275421,0.46717697381973267,0.4595969021320343
C051,C051-G01,2,C051-G01-C1,Two of the strip lights buzz loudly whenever the compressor runs.,Aurelia_Mbanefo,2026-03-27 12:27:00,0.095,0.144,0.113,0.794,0.1,0.2911801490963166,0.6117057587479008,0.29949334263801575,0.37983521819114685,0.37174656987190247
C051,C051-G01,2,C051-G01-C2,The gate intercom crackles so badly nobody can hear the caller.,Silas_Obiefune,2026-03-27 12:05:00,0.091,0.164,0.176,0.161,0.1,0.2911801490963166,0.6117057587479008,0.29191654920578003,0.4089391231536865,0.3599618077278137
C051,C051-G01,2,C051-G01-C3,The spare bulbs cupboard is full of bulbs for fittings we removed.,Ivo_Nwachineke,2026-03-27 12:39:00,0.124,0.195,0.166,0.225,0.09090909090909091,0.1455900745481583,0.3058528793739504,0.4113333523273468,0.4077582359313965,0.43355488777160645
C051,C051-G01,2,C051-G01-C4,Four of the outstanding violins are with students who have already left.,Fionnbharr_Okeke,2026-03-27 10:56:00,0.875,0.854,0.204,0.849,0.08333333333333333,0.1455900745481583,0.3058528793739504,0.5083503723144531,0.3916260600090027,0.5045402646064758
C051,C051-G01,2,C051-G01-C5,Nobody has claimed the coat that's been on the hook since October.,Theodosia_Nnaka,2026-03-27 13:32:00,0.077,0.181,0.19,0.223,0.25,1.2903500733329731,2.2608128030516292,0.3354876935482025,0.4966282248497009,0.4811461567878723
C051,C051-G01,2,C051-G01-C6,Did it come back that way or has it been played like that all term?,Fionnbharr_Okeke,2026-03-27 13:48:00,0.83,0.896,0.789,0.131,0.23076923076923078,0.9372947225064051,3.1183843772119846,0.46280938386917114,0.5458507537841797,0.5614612102508545
C052,C052-G01,6,C052-G01-C1,How much did we lose?,Babatunde_Ferrand,2026-11-27 13:18:00,0.882,0.808,0.826,0.83,0.0,0.08587542476409425,0.5843715067458124,0.5319972634315491,0.5031682848930359,0.5229715704917908
C052,C052-G01,6,C052-G01-C2,The chiller curtains are missing from two of the cabinets.,Fulbert_Chinonso,2026-11-27 13:58:00,0.097,0.316,0.211,0.94,0.1923219339705969,0.24535835646884072,0.7941031585835495,0.41250327229499817,0.40969327092170715,0.41195499897003174
C052,C052-G01,6,C052-G01-C3,"Consistently low rather than intermittent, so it isn't ice on the bearings.",Babatunde_Ferrand,2026-11-27 13:40:00,0.98,0.269,0.297,0.416,1.3101603359945138,0.633504802000411,3.4648943906994134,0.6790176630020142,0.5157244801521301,0.6351330280303955
C052,C052-G01,6,C052-G01-C4,How many days of data has that actually cost us?,Obs_Ragnhild,2026-11-27 13:17:00,0.265,0.967,0.355,0.442,0.06584046767462416,0.5108256237659907,1.2917338899681097,0.6050218939781189,0.7084395885467529,0.6637492775917053
C052,C052-G01,6,C052-G01-C5,The visitor book hasn't been signed by anyone since Tuesday.,Wilhelmine_Azu,2026-11-27 13:57:00,0.102,0.205,0.881,0.289,0.5678832926987286,0.596701048530085,1.5857271685105219,0.4601607024669647,0.49032607674598694,0.48618847131729126
